Date,Fajr,Sunrise,Dhuhr,Asr,Sunset,Maghrib,Isha,Imsak,Midnight,FirstThirdOfNight,LastThirdOfNight,DaylightDuration,NighttimeDuration,FajrToIshaDuration,IshaToNextFajrDuration,WorkTarget_50,WorkOverflow_50,MorningBlockStart_50,MorningBlockEnd_50,EveningBlockStart_50,EveningBlockEnd_50,WorkTarget_75,WorkOverflow_75,MorningBlockStart_75,MorningBlockEnd_75,EveningBlockStart_75,EveningBlockEnd_75,WakeTime_50,BedTime_50,AwakeDuration_50,SleepDuration_50,SleepDeficit_50,WakeTime_75,BedTime_75,AwakeDuration_75,SleepDuration_75,SleepDeficit_75,IsToday
01-01-2026,05:42,07:08,12:10,14:54,17:12,17:32,18:20,05:32,00:10,21:51,02:29,10:04,13:56,12:38,11:22,06:19,00:00,05:42,12:01,18:00,18:00,09:28,01:10,05:42,14:00,18:00,19:10,05:42,18:20,12:38,11:22,00:00,05:42,19:10,13:28,10:32,00:50,
02-01-2026,05:42,07:08,12:11,14:54,17:13,17:32,18:21,05:32,00:11,21:51,02:30,10:05,13:55,12:39,11:21,06:19,00:00,05:42,12:01,18:00,18:00,09:29,01:11,05:42,14:00,18:00,19:11,05:42,18:21,12:39,11:21,00:00,05:42,19:11,13:29,10:31,00:50,
03-01-2026,05:42,07:08,12:11,14:55,17:14,17:33,18:21,05:32,00:11,21:52,02:30,10:06,13:54,12:39,11:22,06:19,00:00,05:42,12:01,18:00,18:00,09:29,01:11,05:42,14:00,18:00,19:11,05:42,18:21,12:39,11:22,00:00,05:42,19:11,13:29,10:32,00:50,
04-01-2026,05:43,07:08,12:11,14:56,17:15,17:34,18:22,05:33,00:12,21:53,02:30,10:07,13:54,12:39,11:21,06:19,00:00,05:43,12:02,18:00,18:00,09:29,01:12,05:43,14:00,18:00,19:12,05:43,18:22,12:39,11:21,00:00,05:43,19:12,13:29,10:31,00:50,
05-01-2026,05:43,07:09,12:12,14:57,17:15,17:35,18:23,05:33,00:12,21:53,02:31,10:06,13:54,12:40,11:20,06:20,00:00,05:43,12:03,18:00,18:00,09:30,01:13,05:43,14:00,18:00,19:13,05:43,18:23,12:40,11:20,00:00,05:43,19:13,13:30,10:30,00:50,
06-01-2026,05:43,07:09,12:12,14:57,17:16,17:35,18:24,05:33,00:12,21:54,02:31,10:07,13:53,12:41,11:19,06:20,00:00,05:43,12:03,18:00,18:00,09:30,01:13,05:43,14:00,18:00,19:13,05:43,18:24,12:41,11:19,00:00,05:43,19:13,13:30,10:30,00:49,
07-01-2026,05:43,07:09,12:13,14:58,17:17,17:36,18:24,05:33,00:13,21:54,02:31,10:08,13:52,12:41,11:19,06:20,00:00,05:43,12:03,18:00,18:00,09:30,01:13,05:43,14:00,18:00,19:13,05:43,18:24,12:41,11:19,00:00,05:43,19:13,13:30,10:30,00:49,
08-01-2026,05:43,07:09,12:13,14:59,17:18,17:37,18:25,05:33,00:13,21:55,02:32,10:09,13:51,12:42,11:18,06:21,00:00,05:43,12:04,18:00,18:00,09:31,01:14,05:43,14:00,18:00,19:14,05:43,18:25,12:42,11:18,00:00,05:43,19:14,13:31,10:29,00:49,
09-01-2026,05:43,07:09,12:14,15:00,17:19,17:38,18:26,05:33,00:14,21:55,02:32,10:10,13:50,12:43,11:17,06:21,00:00,05:43,12:04,18:00,18:00,09:32,01:15,05:43,14:00,18:00,19:15,05:43,18:26,12:43,11:17,00:00,05:43,19:15,13:32,10:28,00:49,
10-01-2026,05:43,07:09,12:14,15:00,17:20,17:39,18:27,05:33,00:14,21:56,02:32,10:11,13:49,12:44,11:16,06:22,00:00,05:43,12:05,18:00,18:00,09:33,01:16,05:43,14:00,18:00,19:16,05:43,18:27,12:44,11:16,00:00,05:43,19:16,13:33,10:27,00:49,
11-01-2026,05:43,07:09,12:14,15:01,17:20,17:39,18:27,05:33,00:15,21:57,02:33,10:11,13:49,12:44,11:16,06:22,00:00,05:43,12:05,18:00,18:00,09:33,01:16,05:43,14:00,18:00,19:16,05:43,18:27,12:44,11:16,00:00,05:43,19:16,13:33,10:27,00:49,
12-01-2026,05:43,07:09,12:15,15:02,17:21,17:40,18:28,05:33,00:15,21:57,02:33,10:12,13:47,12:45,11:15,06:22,00:00,05:43,12:05,18:00,18:00,09:33,01:16,05:43,14:00,18:00,19:16,05:43,18:28,12:45,11:15,00:00,05:43,19:16,13:33,10:27,00:48,
13-01-2026,05:43,07:08,12:15,15:03,17:22,17:41,18:29,05:33,00:15,21:58,02:33,10:14,13:46,12:46,11:14,06:23,00:00,05:43,12:06,18:00,18:00,09:34,01:17,05:43,14:00,18:00,19:17,05:43,18:29,12:46,11:14,00:00,05:43,19:17,13:34,10:26,00:48,
14-01-2026,05:43,07:08,12:16,15:03,17:23,17:42,18:30,05:33,00:16,21:58,02:33,10:15,13:45,12:47,11:13,06:23,00:00,05:43,12:06,18:00,18:00,09:35,01:18,05:43,14:00,18:00,19:18,05:43,18:30,12:47,11:13,00:00,05:43,19:18,13:35,10:25,00:48,
15-01-2026,05:43,07:08,12:16,15:04,17:24,17:43,18:31,05:33,00:16,21:59,02:33,10:16,13:44,12:48,11:12,06:24,00:00,05:43,12:07,18:00,18:00,09:36,01:19,05:43,14:00,18:00,19:19,05:43,18:31,12:48,11:12,00:00,05:43,19:19,13:36,10:24,00:48,
16-01-2026,05:43,07:08,12:16,15:05,17:25,17:44,18:31,05:33,00:16,21:59,02:34,10:17,13:43,12:48,11:12,06:24,00:00,05:43,12:07,18:00,18:00,09:36,01:19,05:43,14:00,18:00,19:19,05:43,18:31,12:48,11:12,00:00,05:43,19:19,13:36,10:24,00:48,
17-01-2026,05:43,07:08,12:17,15:06,17:26,17:45,18:32,05:33,00:17,22:00,02:34,10:18,13:41,12:49,11:11,06:24,00:00,05:43,12:07,18:00,18:00,09:36,01:19,05:43,14:00,18:00,19:19,05:43,18:32,12:49,11:11,00:00,05:43,19:19,13:36,10:24,00:47,
18-01-2026,05:43,07:07,12:17,15:07,17:27,17:46,18:33,05:33,00:17,22:00,02:34,10:20,13:40,12:50,11:10,06:25,00:00,05:43,12:08,18:00,18:00,09:37,01:20,05:43,14:00,18:00,19:20,05:43,18:33,12:50,11:10,00:00,05:43,19:20,13:37,10:23,00:47,
19-01-2026,05:43,07:07,12:17,15:07,17:28,17:46,18:34,05:33,00:17,22:01,02:34,10:21,13:39,12:51,11:09,06:25,00:00,05:43,12:08,18:00,18:00,09:38,01:21,05:43,14:00,18:00,19:21,05:43,18:34,12:51,11:09,00:00,05:43,19:21,13:38,10:22,00:47,
20-01-2026,05:43,07:07,12:18,15:08,17:29,17:47,18:35,05:33,00:18,22:01,02:34,10:22,13:37,12:52,11:07,06:26,00:00,05:43,12:09,18:00,18:00,09:39,01:22,05:43,14:00,18:00,19:22,05:43,18:35,12:52,11:07,00:00,05:43,19:22,13:39,10:20,00:47,
21-01-2026,05:42,07:06,12:18,15:09,17:29,17:48,18:35,05:32,00:18,22:02,02:34,10:23,13:37,12:53,11:07,06:26,00:00,05:42,12:08,18:00,18:00,09:39,01:21,05:42,14:00,18:00,19:21,05:42,18:35,12:53,11:07,00:00,05:42,19:21,13:39,10:21,00:46,
22-01-2026,05:42,07:06,12:18,15:10,17:30,17:49,18:36,05:32,00:18,22:02,02:34,10:24,13:36,12:54,11:06,06:27,00:00,05:42,12:09,18:00,18:00,09:40,01:22,05:42,14:00,18:00,19:22,05:42,18:36,12:54,11:06,00:00,05:42,19:22,13:40,10:20,00:46,
23-01-2026,05:42,07:06,12:18,15:11,17:31,17:50,18:37,05:32,00:19,22:03,02:34,10:25,13:34,12:55,11:05,06:27,00:00,05:42,12:09,18:00,18:00,09:41,01:23,05:42,14:00,18:00,19:23,05:42,18:37,12:55,11:05,00:00,05:42,19:23,13:41,10:19,00:46,
24-01-2026,05:42,07:05,12:19,15:11,17:32,17:51,18:38,05:32,00:19,22:03,02:34,10:27,13:33,12:56,11:03,06:28,00:00,05:42,12:10,18:00,18:00,09:42,01:24,05:42,14:00,18:00,19:24,05:42,18:38,12:56,11:03,00:00,05:42,19:24,13:42,10:17,00:46,
25-01-2026,05:41,07:05,12:19,15:12,17:33,17:52,18:39,05:31,00:19,22:04,02:34,10:28,13:31,12:58,11:02,06:29,00:00,05:41,12:10,18:00,18:00,09:43,01:24,05:41,14:00,18:00,19:24,05:41,18:39,12:58,11:02,00:00,05:41,19:24,13:43,10:17,00:45,
26-01-2026,05:41,07:04,12:19,15:13,17:34,17:53,18:40,05:31,00:19,22:04,02:34,10:30,13:30,12:59,11:01,06:29,00:00,05:41,12:10,18:00,18:00,09:44,01:25,05:41,14:00,18:00,19:25,05:41,18:40,12:59,11:01,00:00,05:41,19:25,13:44,10:16,00:45,
27-01-2026,05:41,07:04,12:19,15:14,17:35,17:54,18:40,05:31,00:19,22:05,02:34,10:31,13:28,12:59,11:00,06:29,00:00,05:41,12:10,18:00,18:00,09:44,01:25,05:41,14:00,18:00,19:25,05:41,18:40,12:59,11:00,00:00,05:41,19:25,13:44,10:15,00:45,
28-01-2026,05:40,07:03,12:19,15:15,17:36,17:54,18:41,05:30,00:20,22:05,02:34,10:33,13:27,13:01,10:59,06:30,00:00,05:40,12:10,18:00,18:00,09:45,01:25,05:40,14:00,18:00,19:25,05:40,18:41,13:01,10:59,00:00,05:40,19:25,13:45,10:15,00:44,
29-01-2026,05:40,07:03,12:20,15:15,17:37,17:55,18:42,05:30,00:20,22:06,02:34,10:34,13:25,13:02,10:57,06:31,00:00,05:40,12:11,18:00,18:00,09:46,01:26,05:40,14:00,18:00,19:26,05:40,18:42,13:02,10:57,00:00,05:40,19:26,13:46,10:13,00:44,
30-01-2026,05:39,07:02,12:20,15:16,17:38,17:56,18:43,05:29,00:20,22:06,02:34,10:36,13:23,13:04,10:56,06:32,00:00,05:39,12:11,18:00,18:00,09:48,01:27,05:39,14:00,18:00,19:27,05:39,18:43,13:04,10:56,00:00,05:39,19:27,13:48,10:12,00:44,
31-01-2026,05:39,07:01,12:20,15:17,17:39,17:57,18:44,05:29,00:20,22:06,02:34,10:38,13:22,13:05,10:54,06:32,00:00,05:39,12:11,18:00,18:00,09:48,01:27,05:39,14:00,18:00,19:27,05:39,18:44,13:05,10:54,00:00,05:39,19:27,13:48,10:11,00:43,
01-02-2026,05:38,07:01,12:20,15:18,17:40,17:58,18:45,05:28,00:20,22:07,02:34,10:39,13:20,13:07,10:53,06:33,00:00,05:38,12:11,18:00,18:00,09:50,01:28,05:38,14:00,18:00,19:28,05:38,18:45,13:07,10:53,00:00,05:38,19:28,13:50,10:10,00:43,
02-02-2026,05:38,07:00,12:20,15:18,17:41,17:59,18:45,05:28,00:20,22:07,02:34,10:41,13:18,13:07,10:52,06:33,00:00,05:38,12:11,18:00,18:00,09:50,01:28,05:38,14:00,18:00,19:28,05:38,18:45,13:07,10:52,00:00,05:38,19:28,13:50,10:09,00:43,
03-02-2026,05:37,06:59,12:20,15:19,17:42,18:00,18:46,05:27,00:21,22:08,02:34,10:43,13:17,13:09,10:51,06:34,00:00,05:37,12:11,18:00,18:00,09:51,01:28,05:37,14:00,18:00,19:28,05:37,18:46,13:09,10:51,00:00,05:37,19:28,13:51,10:09,00:42,
04-02-2026,05:37,06:59,12:20,15:20,17:43,18:01,18:47,05:27,00:21,22:08,02:33,10:44,13:15,13:10,10:49,06:35,00:00,05:37,12:12,18:00,18:00,09:52,01:29,05:37,14:00,18:00,19:29,05:37,18:47,13:10,10:49,00:00,05:37,19:29,13:52,10:07,00:42,
05-02-2026,05:36,06:58,12:21,15:21,17:43,18:02,18:48,05:26,00:21,22:08,02:33,10:45,13:14,13:12,10:47,06:36,00:00,05:36,12:12,18:00,18:00,09:54,01:30,05:36,14:00,18:00,19:30,05:36,18:48,13:12,10:47,00:00,05:36,19:30,13:54,10:05,00:42,
06-02-2026,05:35,06:57,12:21,15:21,17:44,18:02,18:49,05:25,00:21,22:09,02:33,10:47,13:12,13:14,10:46,06:37,00:00,05:35,12:12,18:00,18:00,09:55,01:30,05:35,14:00,18:00,19:30,05:35,18:49,13:14,10:46,00:00,05:35,19:30,13:55,10:05,00:41,
07-02-2026,05:35,06:56,12:21,15:22,17:45,18:03,18:49,05:25,00:21,22:09,02:33,10:49,13:11,13:14,10:45,06:37,00:00,05:35,12:12,18:00,18:00,09:55,01:30,05:35,14:00,18:00,19:30,05:35,18:49,13:14,10:45,00:00,05:35,19:30,13:55,10:04,00:41,
08-02-2026,05:34,06:56,12:21,15:23,17:46,18:04,18:50,05:24,00:21,22:09,02:33,10:50,13:09,13:16,10:43,06:38,00:00,05:34,12:12,18:00,18:00,09:57,01:31,05:34,14:00,18:00,19:31,05:34,18:50,13:16,10:43,00:00,05:34,19:31,13:57,10:02,00:41,
09-02-2026,05:33,06:55,12:21,15:23,17:47,18:05,18:51,05:23,00:21,22:10,02:32,10:52,13:07,13:18,10:41,06:39,00:00,05:33,12:12,18:00,18:00,09:58,01:31,05:33,14:00,18:00,19:31,05:33,18:51,13:18,10:41,00:00,05:33,19:31,13:58,10:01,00:40,
10-02-2026,05:32,06:54,12:21,15:24,17:48,18:06,18:52,05:22,00:21,22:10,02:32,10:54,13:05,13:20,10:40,06:40,00:00,05:32,12:12,18:00,18:00,10:00,01:32,05:32,14:00,18:00,19:32,05:32,18:52,13:20,10:40,00:00,05:32,19:32,14:00,10:00,00:40,
11-02-2026,05:32,06:53,12:21,15:25,17:49,18:07,18:53,05:22,00:21,22:10,02:32,10:56,13:03,13:21,10:38,06:40,00:00,05:32,12:12,18:00,18:00,10:00,01:32,05:32,14:00,18:00,19:32,05:32,18:53,13:21,10:38,00:00,05:32,19:32,14:00,09:59,00:39,
12-02-2026,05:31,06:52,12:21,15:25,17:50,18:08,18:53,05:21,00:21,22:11,02:31,10:58,13:01,13:22,10:37,06:41,00:00,05:31,12:12,18:00,18:00,10:01,01:32,05:31,14:00,18:00,19:32,05:31,18:53,13:22,10:37,00:00,05:31,19:32,14:01,09:58,00:39,
13-02-2026,05:30,06:51,12:21,15:26,17:51,18:09,18:54,05:20,00:21,22:11,02:31,11:00,12:59,13:24,10:35,06:42,00:00,05:30,12:12,18:00,18:00,10:03,01:33,05:30,14:00,18:00,19:33,05:30,18:54,13:24,10:35,00:00,05:30,19:33,14:03,09:56,00:39,
14-02-2026,05:29,06:50,12:21,15:27,17:52,18:09,18:55,05:19,00:21,22:11,02:31,11:02,12:57,13:26,10:33,06:43,00:00,05:29,12:12,18:00,18:00,10:04,01:33,05:29,14:00,18:00,19:33,05:29,18:55,13:26,10:33,00:00,05:29,19:33,14:04,09:55,00:38,
15-02-2026,05:28,06:49,12:21,15:27,17:52,18:10,18:56,05:18,00:21,22:11,02:30,11:03,12:56,13:28,10:32,06:44,00:00,05:28,12:12,18:00,18:00,10:06,01:34,05:28,14:00,18:00,19:34,05:28,18:56,13:28,10:32,00:00,05:28,19:34,14:06,09:54,00:38,
16-02-2026,05:28,06:48,12:21,15:28,17:53,18:11,18:57,05:18,00:21,22:12,02:30,11:05,12:54,13:29,10:30,06:44,00:00,05:28,12:12,18:00,18:00,10:06,01:34,05:28,14:00,18:00,19:34,05:28,18:57,13:29,10:30,00:00,05:28,19:34,14:06,09:53,00:37,
17-02-2026,05:27,06:47,12:21,15:29,17:54,18:12,18:57,05:17,00:21,22:12,02:30,11:07,12:52,13:30,10:29,06:45,00:00,05:27,12:12,18:00,18:00,10:07,01:34,05:27,14:00,18:00,19:34,05:27,18:57,13:30,10:29,00:00,05:27,19:34,14:07,09:52,00:37,
18-02-2026,05:26,06:46,12:20,15:29,17:55,18:13,18:58,05:16,00:21,22:12,02:29,11:09,12:50,13:32,10:27,06:46,00:00,05:26,12:12,18:00,18:00,10:09,01:35,05:26,14:00,18:00,19:35,05:26,18:58,13:32,10:27,00:00,05:26,19:35,14:09,09:50,00:37,
19-02-2026,05:25,06:45,12:20,15:30,17:56,18:14,18:59,05:15,00:21,22:12,02:29,11:11,12:48,13:34,10:25,06:47,00:00,05:25,12:12,18:00,18:00,10:10,01:35,05:25,14:00,18:00,19:35,05:25,18:59,13:34,10:25,00:00,05:25,19:35,14:10,09:49,00:36,
20-02-2026,05:24,06:44,12:20,15:30,17:57,18:14,19:00,05:14,00:21,22:13,02:28,11:13,12:46,13:36,10:23,06:48,00:00,05:24,12:12,18:00,18:00,10:12,01:36,05:24,14:00,18:00,19:36,05:24,19:00,13:36,10:23,00:00,05:24,19:36,14:12,09:47,00:36,
21-02-2026,05:23,06:43,12:20,15:31,17:57,18:15,19:00,05:13,00:20,22:13,02:28,11:14,12:45,13:37,10:22,06:48,00:00,05:23,12:11,18:00,18:00,10:12,01:35,05:23,14:00,18:00,19:35,05:23,19:00,13:37,10:22,00:00,05:23,19:35,14:12,09:47,00:35,
22-02-2026,05:22,06:42,12:20,15:31,17:58,18:16,19:01,05:12,00:20,22:13,02:28,11:16,12:43,13:39,10:20,06:49,00:00,05:22,12:11,18:00,18:00,10:14,01:36,05:22,14:00,18:00,19:36,05:22,19:01,13:39,10:20,00:00,05:22,19:36,14:14,09:45,00:35,
23-02-2026,05:21,06:41,12:20,15:32,17:59,18:17,19:02,05:11,00:20,22:13,02:27,11:18,12:41,13:41,10:18,06:50,00:00,05:21,12:11,18:00,18:00,10:15,01:36,05:21,14:00,18:00,19:36,05:21,19:02,13:41,10:18,00:00,05:21,19:36,14:15,09:44,00:34,
24-02-2026,05:20,06:40,12:20,15:32,18:00,18:18,19:03,05:10,00:20,22:13,02:27,11:20,12:39,13:43,10:16,06:51,00:00,05:20,12:11,18:00,18:00,10:17,01:37,05:20,14:00,18:00,19:37,05:20,19:03,13:43,10:16,00:00,05:20,19:37,14:17,09:42,00:34,
25-02-2026,05:19,06:39,12:20,15:33,18:01,18:18,19:03,05:09,00:20,22:13,02:26,11:22,12:37,13:44,10:15,06:52,00:00,05:19,12:11,18:00,18:00,10:18,01:37,05:19,14:00,18:00,19:37,05:19,19:03,13:44,10:15,00:00,05:19,19:37,14:18,09:41,00:34,
26-02-2026,05:18,06:38,12:19,15:33,18:02,18:19,19:04,05:08,00:20,22:14,02:26,11:24,12:35,13:46,10:13,06:53,00:00,05:18,12:11,18:00,18:00,10:19,01:37,05:18,14:00,18:00,19:37,05:18,19:04,13:46,10:13,00:00,05:18,19:37,14:19,09:40,00:33,
27-02-2026,05:17,06:37,12:19,15:34,18:02,18:20,19:05,05:07,00:20,22:14,02:25,11:25,12:34,13:48,10:10,06:54,00:00,05:17,12:11,18:00,18:00,10:21,01:38,05:17,14:00,18:00,19:38,05:17,19:05,13:48,10:10,00:00,05:17,19:38,14:21,09:37,00:33,
28-02-2026,05:15,06:36,12:19,15:34,18:03,18:21,19:06,05:05,00:19,22:14,02:25,11:27,12:31,13:51,10:08,06:55,00:00,05:15,12:10,18:00,18:00,10:23,01:38,05:15,14:00,18:00,19:38,05:15,19:06,13:51,10:08,00:00,05:15,19:38,14:23,09:36,00:32,
01-03-2026,05:14,06:34,12:19,15:35,18:04,18:21,19:06,05:04,00:19,22:14,02:24,11:30,12:29,13:52,10:07,06:56,00:00,05:14,12:10,18:00,18:00,10:24,01:38,05:14,14:00,18:00,19:38,05:14,19:06,13:52,10:07,00:00,05:14,19:38,14:24,09:35,00:32,
02-03-2026,05:13,06:33,12:19,15:35,18:05,18:22,19:07,05:03,00:19,22:14,02:24,11:32,12:27,13:54,10:05,06:57,00:00,05:13,12:10,18:00,18:00,10:25,01:38,05:13,14:00,18:00,19:38,05:13,19:07,13:54,10:05,00:00,05:13,19:38,14:25,09:34,00:31,
03-03-2026,05:12,06:32,12:19,15:36,18:05,18:23,19:08,05:02,00:19,22:14,02:23,11:33,12:26,13:56,10:03,06:58,00:00,05:12,12:10,18:00,18:00,10:27,01:39,05:12,14:00,18:00,19:39,05:12,19:08,13:56,10:03,00:00,05:12,19:39,14:27,09:32,00:31,
04-03-2026,05:11,06:31,12:18,15:36,18:06,18:24,19:09,05:01,00:19,22:14,02:23,11:35,12:24,13:58,10:01,06:59,00:00,05:11,12:10,18:00,18:00,10:28,01:39,05:11,14:00,18:00,19:39,05:11,19:09,13:58,10:01,00:00,05:11,19:39,14:28,09:31,00:30,
05-03-2026,05:10,06:30,12:18,15:36,18:07,18:24,19:09,05:00,00:18,22:15,02:22,11:37,12:21,13:59,10:00,06:59,00:00,05:10,12:09,18:00,18:00,10:29,01:39,05:10,14:00,18:00,19:39,05:10,19:09,13:59,10:00,00:00,05:10,19:39,14:29,09:30,00:30,
06-03-2026,05:09,06:28,12:18,15:37,18:08,18:25,19:10,04:59,00:18,22:15,02:22,11:40,12:19,14:01,09:57,07:00,00:00,05:09,12:09,18:00,18:00,10:30,01:39,05:09,14:00,18:00,19:39,05:09,19:10,14:01,09:57,00:00,05:09,19:39,14:30,09:28,00:29,
07-03-2026,05:07,06:27,12:18,15:37,18:09,18:26,19:11,04:57,00:18,22:15,02:21,11:42,12:17,14:04,09:55,07:02,00:00,05:07,12:09,18:00,18:00,10:33,01:40,05:07,14:00,18:00,19:40,05:07,19:11,14:04,09:55,00:00,05:07,19:40,14:33,09:26,00:29,
08-03-2026,05:06,06:26,12:17,15:37,18:09,18:27,19:12,04:56,00:18,22:15,02:20,11:43,12:16,14:06,09:53,07:03,00:00,05:06,12:09,18:00,18:00,10:34,01:40,05:06,14:00,18:00,19:40,05:06,19:12,14:06,09:53,00:00,05:06,19:40,14:34,09:25,00:28,
09-03-2026,05:05,06:25,12:17,15:38,18:10,18:27,19:12,04:55,00:17,22:15,02:20,11:45,12:13,14:07,09:52,07:03,00:00,05:05,12:08,18:00,18:00,10:35,01:40,05:05,14:00,18:00,19:40,05:05,19:12,14:07,09:52,00:00,05:05,19:40,14:35,09:24,00:28,
10-03-2026,05:04,06:23,12:17,15:38,18:11,18:28,19:13,04:54,00:17,22:15,02:19,11:48,12:11,14:09,09:49,07:04,00:00,05:04,12:08,18:00,18:00,10:36,01:40,05:04,14:00,18:00,19:40,05:04,19:13,14:09,09:49,00:00,05:04,19:40,14:36,09:22,00:27,
11-03-2026,05:02,06:22,12:17,15:38,18:11,18:29,19:14,04:52,00:17,22:15,02:19,11:49,12:10,14:12,09:47,07:06,00:00,05:02,12:08,18:00,18:00,10:39,01:41,05:02,14:00,18:00,19:41,05:02,19:14,14:12,09:47,00:00,05:02,19:41,14:39,09:20,00:27,
12-03-2026,05:01,06:21,12:16,15:39,18:12,18:30,19:15,04:51,00:17,22:15,02:18,11:51,12:08,14:14,09:45,07:07,00:00,05:01,12:08,18:00,18:00,10:40,01:41,05:01,14:00,18:00,19:41,05:01,19:15,14:14,09:45,00:00,05:01,19:41,14:40,09:19,00:26,
13-03-2026,05:00,06:20,12:16,15:39,18:13,18:30,19:15,04:50,00:16,22:15,02:17,11:53,12:05,14:15,09:43,07:07,00:00,05:00,12:07,18:00,18:00,10:41,01:41,05:00,14:00,18:00,19:41,05:00,19:15,14:15,09:43,00:00,05:00,19:41,14:41,09:17,00:26,
14-03-2026,04:58,06:18,12:16,15:39,18:14,18:31,19:16,04:48,00:16,22:15,02:17,11:56,12:03,14:18,09:41,07:09,00:00,04:58,12:07,18:00,18:00,10:43,01:41,04:58,14:00,18:00,19:41,04:58,19:16,14:18,09:41,00:00,04:58,19:41,14:43,09:16,00:25,
15-03-2026,04:57,06:17,12:16,15:40,18:14,18:32,19:17,04:47,00:16,22:15,02:16,11:57,12:02,14:20,09:39,07:10,00:00,04:57,12:07,18:00,18:00,10:45,01:42,04:57,14:00,18:00,19:42,04:57,19:17,14:20,09:39,00:00,04:57,19:42,14:45,09:14,00:25,
16-03-2026,04:56,06:16,12:15,15:40,18:15,18:32,19:18,04:46,00:15,22:15,02:16,11:59,12:00,14:22,09:36,07:11,00:00,04:56,12:07,18:00,18:00,10:46,01:42,04:56,14:00,18:00,19:42,04:56,19:18,14:22,09:36,00:00,04:56,19:42,14:46,09:12,00:24,
17-03-2026,04:54,06:15,12:15,15:40,18:16,18:33,19:18,04:44,00:15,22:15,02:15,12:01,11:57,14:24,09:35,07:12,00:00,04:54,12:06,18:00,18:00,10:48,01:42,04:54,14:00,18:00,19:42,04:54,19:18,14:24,09:35,00:00,04:54,19:42,14:48,09:11,00:24,
18-03-2026,04:53,06:13,12:15,15:40,18:17,18:34,19:19,04:43,00:15,22:15,02:14,12:04,11:55,14:26,09:33,07:13,00:00,04:53,12:06,18:00,18:00,10:49,01:42,04:53,14:00,18:00,19:42,04:53,19:19,14:26,09:33,00:00,04:53,19:42,14:49,09:10,00:23,
19-03-2026,04:52,06:12,12:14,15:40,18:17,18:35,19:20,04:42,00:15,22:15,02:14,12:05,11:54,14:28,09:30,07:14,00:00,04:52,12:06,18:00,18:00,10:51,01:43,04:52,14:00,18:00,19:43,04:52,19:20,14:28,09:30,00:00,04:52,19:43,14:51,09:07,00:23,
20-03-2026,04:50,06:11,12:14,15:41,18:18,18:35,19:21,04:40,00:14,22:16,02:13,12:07,11:51,14:31,09:28,07:15,00:00,04:50,12:05,18:00,18:00,10:53,01:43,04:50,14:00,18:00,19:43,04:50,19:21,14:31,09:28,00:00,04:50,19:43,14:53,09:06,00:22,
21-03-2026,04:49,06:09,12:14,15:41,18:19,18:36,19:21,04:39,00:14,22:16,02:12,12:10,11:49,14:32,09:27,07:16,00:00,04:49,12:05,18:00,18:00,10:54,01:43,04:49,14:00,18:00,19:43,04:49,19:21,14:32,09:27,00:00,04:49,19:43,14:54,09:05,00:22,
22-03-2026,04:48,06:08,12:13,15:41,18:19,18:37,19:22,04:38,00:14,22:16,02:12,12:11,11:48,14:34,09:24,07:17,00:00,04:48,12:05,18:00,18:00,10:55,01:43,04:48,14:00,18:00,19:43,04:48,19:22,14:34,09:24,00:00,04:48,19:43,14:55,09:03,00:21,
23-03-2026,04:46,06:07,12:13,15:41,18:20,18:37,19:23,04:36,00:13,22:16,02:11,12:13,11:46,14:37,09:22,07:18,00:00,04:46,12:04,18:00,18:00,10:57,01:43,04:46,14:00,18:00,19:43,04:46,19:23,14:37,09:22,00:00,04:46,19:43,14:57,09:02,00:20,
24-03-2026,04:45,06:06,12:13,15:41,18:21,18:38,19:24,04:35,00:13,22:16,02:11,12:15,11:43,14:39,09:19,07:19,00:00,04:45,12:04,18:00,18:00,10:59,01:44,04:45,14:00,18:00,19:44,04:45,19:24,14:39,09:19,00:00,04:45,19:44,14:59,08:59,00:20,
25-03-2026,04:43,06:04,12:13,15:42,18:21,18:39,19:24,04:33,00:13,22:16,02:10,12:17,11:42,14:41,09:18,07:20,00:00,04:43,12:03,18:00,18:00,11:00,01:43,04:43,14:00,18:00,19:43,04:43,19:24,14:41,09:18,00:00,04:43,19:43,15:00,08:59,00:19,
26-03-2026,04:42,06:03,12:12,15:42,18:22,18:40,19:25,04:32,00:13,22:16,02:09,12:19,11:40,14:43,09:16,07:21,00:00,04:42,12:03,18:00,18:00,11:02,01:44,04:42,14:00,18:00,19:44,04:42,19:25,14:43,09:16,00:00,04:42,19:44,15:02,08:57,00:19,
27-03-2026,04:41,06:02,12:12,15:42,18:23,18:40,19:26,04:31,00:12,22:16,02:09,12:21,11:37,14:45,09:13,07:22,00:00,04:41,12:03,18:00,18:00,11:03,01:44,04:41,14:00,18:00,19:44,04:41,19:26,14:45,09:13,00:00,04:41,19:44,15:03,08:55,00:18,
28-03-2026,04:39,06:00,12:12,15:42,18:24,18:41,19:27,04:29,00:12,22:16,02:08,12:24,11:35,14:48,09:11,07:24,00:00,04:39,12:03,18:00,18:00,11:06,01:45,04:39,14:00,18:00,19:45,04:39,19:27,14:48,09:11,00:00,04:39,19:45,15:06,08:53,00:18,
29-03-2026,04:38,05:59,12:11,15:42,18:24,18:42,19:27,04:28,00:12,22:16,02:07,12:25,11:34,14:49,09:09,07:24,00:00,04:38,12:02,18:00,18:00,11:06,01:44,04:38,14:00,18:00,19:44,04:38,19:27,14:49,09:09,00:00,04:38,19:44,15:06,08:52,00:17,
30-03-2026,04:36,05:58,12:11,15:42,18:25,18:42,19:28,04:26,00:11,22:16,02:07,12:27,11:31,14:52,09:07,07:26,00:00,04:36,12:02,18:00,18:00,11:09,01:45,04:36,14:00,18:00,19:45,04:36,19:28,14:52,09:07,00:00,04:36,19:45,15:09,08:50,00:17,
31-03-2026,04:35,05:56,12:11,15:42,18:26,18:43,19:29,04:25,00:11,22:16,02:06,12:30,11:29,14:54,09:05,07:27,00:00,04:35,12:02,18:00,18:00,11:10,01:45,04:35,14:00,18:00,19:45,04:35,19:29,14:54,09:05,00:00,04:35,19:45,15:10,08:49,00:16,
01-04-2026,04:34,05:55,12:10,15:42,18:26,18:44,19:30,04:24,00:11,22:16,02:06,12:31,11:28,14:56,09:02,07:28,00:00,04:34,12:02,18:00,18:00,11:12,01:46,04:34,14:00,18:00,19:46,04:34,19:30,14:56,09:02,00:00,04:34,19:46,15:12,08:46,00:16,
02-04-2026,04:32,05:54,12:10,15:43,18:27,18:44,19:31,04:22,00:10,22:16,02:05,12:33,11:26,14:59,09:00,07:29,00:00,04:32,12:01,18:00,18:00,11:14,01:46,04:32,14:00,18:00,19:46,04:32,19:31,14:59,09:00,00:00,04:32,19:46,15:14,08:45,00:15,
03-04-2026,04:31,05:53,12:10,15:43,18:28,18:45,19:31,04:21,00:10,22:16,02:04,12:35,11:23,15:00,08:58,07:30,00:00,04:31,12:01,18:00,18:00,11:15,01:46,04:31,14:00,18:00,19:46,04:31,19:31,15:00,08:58,00:00,04:31,19:46,15:15,08:43,00:15,
04-04-2026,04:29,05:51,12:10,15:43,18:28,18:46,19:32,04:19,00:10,22:16,02:04,12:37,11:22,15:03,08:56,07:31,00:00,04:29,12:00,18:00,18:00,11:17,01:46,04:29,14:00,18:00,19:46,04:29,19:32,15:03,08:56,00:00,04:29,19:46,15:17,08:42,00:14,
05-04-2026,04:28,05:50,12:09,15:43,18:29,18:47,19:33,04:18,00:10,22:16,02:03,12:39,11:20,15:05,08:53,07:32,00:00,04:28,12:00,18:00,18:00,11:18,01:46,04:28,14:00,18:00,19:46,04:28,19:33,15:05,08:53,00:00,04:28,19:46,15:18,08:40,00:13,
06-04-2026,04:26,05:49,12:09,15:43,18:30,18:47,19:34,04:16,00:09,22:16,02:02,12:41,11:18,15:08,08:51,07:34,00:00,04:26,12:00,18:00,18:00,11:21,01:47,04:26,14:00,18:00,19:47,04:26,19:34,15:08,08:51,00:00,04:26,19:47,15:21,08:38,00:13,
07-04-2026,04:25,05:48,12:09,15:43,18:30,18:48,19:35,04:15,00:09,22:16,02:02,12:42,11:16,15:10,08:49,07:35,00:00,04:25,12:00,18:00,18:00,11:22,01:47,04:25,14:00,18:00,19:47,04:25,19:35,15:10,08:49,00:00,04:25,19:47,15:22,08:37,00:12,
08-04-2026,04:24,05:46,12:08,15:43,18:31,18:49,19:35,04:14,00:09,22:16,02:01,12:45,11:14,15:11,08:47,07:35,00:00,04:24,11:59,18:00,18:00,11:23,01:47,04:24,14:00,18:00,19:47,04:24,19:35,15:11,08:47,00:00,04:24,19:47,15:23,08:35,00:12,
09-04-2026,04:22,05:45,12:08,15:43,18:32,18:50,19:36,04:12,00:08,22:16,02:01,12:47,11:12,15:14,08:45,07:37,00:00,04:22,11:59,18:00,18:00,11:25,01:47,04:22,14:00,18:00,19:47,04:22,19:36,15:14,08:45,00:00,04:22,19:47,15:25,08:34,00:11,
10-04-2026,04:21,05:44,12:08,15:43,18:33,18:50,19:37,04:11,00:08,22:16,02:00,12:49,11:10,15:16,08:42,07:38,00:00,04:21,11:59,18:00,18:00,11:27,01:48,04:21,14:00,18:00,19:48,04:21,19:37,15:16,08:42,00:00,04:21,19:48,15:27,08:31,00:11,
11-04-2026,04:19,05:43,12:08,15:43,18:33,18:51,19:38,04:09,00:08,22:16,01:59,12:50,11:08,15:19,08:40,07:39,00:00,04:19,11:58,18:00,18:00,11:29,01:48,04:19,14:00,18:00,19:48,04:19,19:38,15:19,08:40,00:00,04:19,19:48,15:29,08:30,00:10,
12-04-2026,04:18,05:41,12:07,15:43,18:34,18:52,19:39,04:08,00:08,22:16,01:59,12:53,11:06,15:21,08:38,07:40,00:00,04:18,11:58,18:00,18:00,11:30,01:48,04:18,14:00,18:00,19:48,04:18,19:39,15:21,08:38,00:00,04:18,19:48,15:30,08:29,00:09,
13-04-2026,04:17,05:40,12:07,15:43,18:35,18:52,19:40,04:07,00:07,22:16,01:58,12:55,11:04,15:23,08:35,07:41,00:00,04:17,11:58,18:00,18:00,11:32,01:49,04:17,14:00,18:00,19:49,04:17,19:40,15:23,08:35,00:00,04:17,19:49,15:32,08:26,00:09,
14-04-2026,04:15,05:39,12:07,15:43,18:35,18:53,19:40,04:05,00:07,22:17,01:58,12:56,11:03,15:25,08:34,07:42,00:00,04:15,11:57,18:00,18:00,11:33,01:48,04:15,14:00,18:00,19:48,04:15,19:40,15:25,08:34,00:00,04:15,19:48,15:33,08:26,00:08,
15-04-2026,04:14,05:38,12:07,15:43,18:36,18:54,19:41,04:04,00:07,22:17,01:57,12:58,11:01,15:27,08:31,07:43,00:00,04:14,11:57,18:00,18:00,11:35,01:49,04:14,14:00,18:00,19:49,04:14,19:41,15:27,08:31,00:00,04:14,19:49,15:35,08:23,00:08,
16-04-2026,04:12,05:37,12:06,15:43,18:37,18:55,19:42,04:02,00:07,22:17,01:57,13:00,10:58,15:30,08:29,07:45,00:00,04:12,11:57,18:00,18:00,11:37,01:49,04:12,14:00,18:00,19:49,04:12,19:42,15:30,08:29,00:00,04:12,19:49,15:37,08:22,00:07,
17-04-2026,04:11,05:35,12:06,15:43,18:37,18:55,19:43,04:01,00:06,22:17,01:56,13:02,10:57,15:32,08:27,07:46,00:00,04:11,11:57,18:00,18:00,11:39,01:50,04:11,14:00,18:00,19:50,04:11,19:43,15:32,08:27,00:00,04:11,19:50,15:39,08:20,00:07,
18-04-2026,04:10,05:34,12:06,15:43,18:38,18:56,19:44,04:00,00:06,22:17,01:56,13:04,10:55,15:34,08:24,07:47,00:00,04:10,11:57,18:00,18:00,11:40,01:50,04:10,14:00,18:00,19:50,04:10,19:44,15:34,08:24,00:00,04:10,19:50,15:40,08:18,00:06,
19-04-2026,04:08,05:33,12:06,15:43,18:39,18:57,19:45,03:58,00:06,22:17,01:55,13:06,10:53,15:37,08:22,07:48,00:00,04:08,11:56,18:00,18:00,11:42,01:50,04:08,14:00,18:00,19:50,04:08,19:45,15:37,08:22,00:00,04:08,19:50,15:42,08:17,00:05,
20-04-2026,04:07,05:32,12:06,15:43,18:40,18:58,19:46,03:57,00:06,22:17,01:54,13:08,10:51,15:39,08:19,07:49,00:00,04:07,11:56,18:00,18:00,11:44,01:51,04:07,14:00,18:00,19:51,04:07,19:46,15:39,08:19,00:00,04:07,19:51,15:44,08:14,00:05,
21-04-2026,04:05,05:31,12:05,15:43,18:40,18:58,19:46,03:55,00:06,22:17,01:54,13:09,10:50,15:41,08:18,07:50,00:00,04:05,11:55,18:00,18:00,11:45,01:50,04:05,14:00,18:00,19:50,04:05,19:46,15:41,08:18,00:00,04:05,19:50,15:45,08:14,00:04,
22-04-2026,04:04,05:30,12:05,15:43,18:41,18:59,19:47,03:54,00:05,22:17,01:53,13:11,10:48,15:43,08:16,07:51,00:00,04:04,11:55,18:00,18:00,11:47,01:51,04:04,14:00,18:00,19:51,04:04,19:47,15:43,08:16,00:00,04:04,19:51,15:47,08:12,00:04,
23-04-2026,04:03,05:29,12:05,15:43,18:42,19:00,19:48,03:53,00:05,22:17,01:53,13:13,10:46,15:45,08:13,07:52,00:00,04:03,11:55,18:00,18:00,11:48,01:51,04:03,14:00,18:00,19:51,04:03,19:48,15:45,08:13,00:00,04:03,19:51,15:48,08:10,00:03,
24-04-2026,04:01,05:28,12:05,15:43,18:42,19:01,19:49,03:51,00:05,22:17,01:52,13:14,10:44,15:48,08:11,07:54,00:00,04:01,11:55,18:00,18:00,11:51,01:52,04:01,14:00,18:00,19:52,04:01,19:49,15:48,08:11,00:00,04:01,19:52,15:51,08:08,00:03,
25-04-2026,04:00,05:26,12:05,15:43,18:43,19:01,19:50,03:50,00:05,22:18,01:52,13:17,10:42,15:50,08:09,07:55,00:00,04:00,11:55,18:00,18:00,11:52,01:52,04:00,14:00,18:00,19:52,04:00,19:50,15:50,08:09,00:00,04:00,19:52,15:52,08:07,00:02,
26-04-2026,03:59,05:25,12:04,15:43,18:44,19:02,19:51,03:49,00:05,22:18,01:52,13:19,10:40,15:52,08:06,07:56,00:00,03:59,11:55,18:00,18:00,11:54,01:53,03:59,14:00,18:00,19:53,03:59,19:51,15:52,08:06,00:00,03:59,19:53,15:54,08:04,00:02,
27-04-2026,03:57,05:24,12:04,15:43,18:45,19:03,19:52,03:47,00:04,22:18,01:51,13:21,10:38,15:55,08:04,07:57,00:00,03:57,11:54,18:00,18:00,11:56,01:53,03:57,14:00,18:00,19:53,03:57,19:52,15:55,08:04,00:00,03:57,19:53,15:56,08:03,00:01,
28-04-2026,03:56,05:23,12:04,15:43,18:45,19:04,19:53,03:46,00:04,22:18,01:51,13:22,10:37,15:57,08:02,07:58,00:00,03:56,11:54,18:00,18:00,11:57,01:53,03:56,14:00,18:00,19:53,03:56,19:53,15:57,08:02,00:00,03:56,19:53,15:57,08:02,00:00,
29-04-2026,03:55,05:22,12:04,15:43,18:46,19:04,19:54,03:45,00:04,22:18,01:50,13:24,10:35,15:59,08:00,07:59,00:00,03:55,11:54,18:00,18:00,11:59,01:54,03:55,14:00,18:00,19:54,03:55,19:54,15:59,08:00,00:00,03:55,19:54,15:59,08:00,00:00,
30-04-2026,03:54,05:21,12:04,15:43,18:47,19:05,19:55,03:44,00:04,22:18,01:50,13:26,10:33,16:01,07:57,08:00,00:00,03:54,11:54,18:00,18:00,12:00,01:54,03:54,14:00,18:00,19:54,03:54,19:55,16:01,07:57,00:00,03:54,19:55,16:01,07:57,00:00,
01-05-2026,03:52,05:20,12:04,15:43,18:47,19:06,19:55,03:42,00:04,22:18,01:49,13:27,10:32,16:03,07:56,08:01,00:00,03:52,11:53,18:00,18:00,12:02,01:54,03:52,14:00,18:00,19:54,03:52,19:55,16:03,07:56,00:00,03:52,19:55,16:03,07:56,00:00,
02-05-2026,03:51,05:19,12:04,15:43,18:48,19:07,19:56,03:41,00:04,22:19,01:49,13:29,10:31,16:05,07:54,08:02,00:00,03:51,11:53,18:00,18:00,12:03,01:54,03:51,14:00,18:00,19:54,03:51,19:56,16:05,07:54,00:00,03:51,19:56,16:05,07:54,00:00,
03-05-2026,03:50,05:19,12:03,15:43,18:49,19:07,19:57,03:40,00:04,22:19,01:49,13:30,10:29,16:07,07:52,08:03,00:00,03:50,11:53,18:00,18:00,12:05,01:55,03:50,14:00,18:00,19:55,03:50,19:57,16:07,07:52,00:00,03:50,19:57,16:07,07:52,00:00,
04-05-2026,03:49,05:18,12:03,15:43,18:50,19:08,19:58,03:39,00:04,22:19,01:48,13:32,10:27,16:09,07:49,08:04,00:00,03:49,11:53,18:00,18:00,12:06,01:55,03:49,14:00,18:00,19:55,03:49,19:58,16:09,07:49,00:00,03:49,19:58,16:09,07:49,00:00,
05-05-2026,03:47,05:17,12:03,15:44,18:50,19:09,19:59,03:37,00:03,22:19,01:48,13:33,10:26,16:12,07:47,08:06,00:00,03:47,11:53,18:00,18:00,12:09,01:56,03:47,14:00,18:00,19:56,03:47,19:59,16:12,07:47,00:00,03:47,19:59,16:12,07:47,00:00,
06-05-2026,03:46,05:16,12:03,15:44,18:51,19:10,20:00,03:36,00:03,22:19,01:48,13:35,10:24,16:14,07:45,08:07,00:00,03:46,11:53,18:00,18:00,12:10,01:56,03:46,14:00,18:00,19:56,03:46,20:00,16:14,07:45,00:00,03:46,20:00,16:14,07:45,00:00,
07-05-2026,03:45,05:15,12:03,15:44,18:52,19:10,20:01,03:35,00:03,22:19,01:47,13:37,10:22,16:16,07:43,08:08,00:00,03:45,11:53,18:00,18:00,12:12,01:57,03:45,14:00,18:00,19:57,03:45,20:01,16:16,07:43,00:00,03:45,20:01,16:16,07:43,00:00,
08-05-2026,03:44,05:14,12:03,15:44,18:52,19:11,20:02,03:34,00:03,22:20,01:47,13:38,10:21,16:18,07:41,08:09,00:00,03:44,11:53,18:00,18:00,12:13,01:57,03:44,14:00,18:00,19:57,03:44,20:02,16:18,07:41,00:00,03:44,20:02,16:18,07:41,00:00,
09-05-2026,03:43,05:13,12:03,15:44,18:53,19:12,20:03,03:33,00:03,22:20,01:47,13:40,10:19,16:20,07:39,08:10,00:00,03:43,11:53,18:00,18:00,12:15,01:58,03:43,14:00,18:00,19:58,03:43,20:03,16:20,07:39,00:00,03:43,20:03,16:20,07:39,00:00,
10-05-2026,03:42,05:12,12:03,15:44,18:54,19:13,20:04,03:32,00:03,22:20,01:46,13:42,10:18,16:22,07:37,08:11,00:00,03:42,11:53,18:00,18:00,12:16,01:58,03:42,14:00,18:00,19:58,03:42,20:04,16:22,07:37,00:00,03:42,20:04,16:22,07:37,00:00,
11-05-2026,03:41,05:12,12:03,15:44,18:55,19:14,20:05,03:31,00:03,22:20,01:46,13:43,10:16,16:24,07:35,08:12,00:00,03:41,11:53,18:00,18:00,12:18,01:59,03:41,14:00,18:00,19:59,03:41,20:05,16:24,07:35,00:00,03:41,20:05,16:24,07:35,00:00,
12-05-2026,03:40,05:11,12:03,15:44,18:55,19:14,20:06,03:30,00:03,22:21,01:46,13:44,10:15,16:26,07:33,08:13,00:00,03:40,11:53,18:00,18:00,12:19,01:59,03:40,14:00,18:00,19:59,03:40,20:06,16:26,07:33,00:00,03:40,20:06,16:26,07:33,00:00,
13-05-2026,03:39,05:10,12:03,15:44,18:56,19:15,20:06,03:29,00:03,22:21,01:45,13:46,10:13,16:27,07:32,08:13,00:00,03:39,11:52,18:00,18:00,12:20,01:59,03:39,14:00,18:00,19:59,03:39,20:06,16:27,07:32,00:00,03:39,20:06,16:27,07:32,00:00,
14-05-2026,03:38,05:09,12:03,15:44,18:57,19:16,20:07,03:28,00:03,22:21,01:45,13:48,10:12,16:29,07:30,08:14,00:00,03:38,11:52,18:00,18:00,12:21,01:59,03:38,14:00,18:00,19:59,03:38,20:07,16:29,07:30,00:00,03:38,20:07,16:29,07:30,00:00,
15-05-2026,03:37,05:09,12:03,15:44,18:57,19:17,20:08,03:27,00:03,22:21,01:45,13:48,10:11,16:31,07:28,08:15,00:00,03:37,11:52,18:00,18:00,12:23,02:00,03:37,14:00,18:00,20:00,03:37,20:08,16:31,07:28,00:00,03:37,20:08,16:31,07:28,00:00,
16-05-2026,03:36,05:08,12:03,15:44,18:58,19:17,20:09,03:26,00:03,22:21,01:45,13:50,10:09,16:33,07:26,08:16,00:00,03:36,11:52,18:00,18:00,12:24,02:00,03:36,14:00,18:00,20:00,03:36,20:09,16:33,07:26,00:00,03:36,20:09,16:33,07:26,00:00,
17-05-2026,03:35,05:07,12:03,15:44,18:59,19:18,20:10,03:25,00:03,22:22,01:45,13:52,10:08,16:35,07:24,08:17,00:00,03:35,11:52,18:00,18:00,12:26,02:01,03:35,14:00,18:00,20:01,03:35,20:10,16:35,07:24,00:00,03:35,20:10,16:35,07:24,00:00,
18-05-2026,03:34,05:07,12:03,15:44,19:00,19:19,20:11,03:24,00:03,22:22,01:44,13:53,10:06,16:37,07:22,08:18,00:00,03:34,11:52,18:00,18:00,12:27,02:01,03:34,14:00,18:00,20:01,03:34,20:11,16:37,07:22,00:00,03:34,20:11,16:37,07:22,00:00,
19-05-2026,03:33,05:06,12:03,15:44,19:00,19:19,20:12,03:23,00:03,22:22,01:44,13:54,10:06,16:39,07:20,08:19,00:00,03:33,11:52,18:00,18:00,12:29,02:02,03:33,14:00,18:00,20:02,03:33,20:12,16:39,07:20,00:00,03:33,20:12,16:39,07:20,00:00,
20-05-2026,03:32,05:06,12:03,15:44,19:01,19:20,20:13,03:22,00:03,22:22,01:44,13:55,10:04,16:41,07:18,08:20,00:00,03:32,11:52,18:00,18:00,12:30,02:02,03:32,14:00,18:00,20:02,03:32,20:13,16:41,07:18,00:00,03:32,20:13,16:41,07:18,00:00,
21-05-2026,03:31,05:05,12:03,15:44,19:02,19:21,20:14,03:21,00:03,22:23,01:44,13:57,10:03,16:43,07:16,08:21,00:00,03:31,11:52,18:00,18:00,12:32,02:03,03:31,14:00,18:00,20:03,03:31,20:14,16:43,07:16,00:00,03:31,20:14,16:43,07:16,00:00,
22-05-2026,03:30,05:05,12:03,15:44,19:02,19:22,20:14,03:20,00:03,22:23,01:44,13:57,10:02,16:44,07:16,08:22,00:00,03:30,11:52,18:00,18:00,12:33,02:03,03:30,14:00,18:00,20:03,03:30,20:14,16:44,07:16,00:00,03:30,20:14,16:44,07:16,00:00,
23-05-2026,03:30,05:04,12:03,15:44,19:03,19:22,20:15,03:20,00:03,22:23,01:44,13:59,10:01,16:45,07:14,08:22,00:00,03:30,11:52,18:00,18:00,12:33,02:03,03:30,14:00,18:00,20:03,03:30,20:15,16:45,07:14,00:00,03:30,20:15,16:45,07:14,00:00,
24-05-2026,03:29,05:04,12:03,15:45,19:04,19:23,20:16,03:19,00:04,22:24,01:44,14:00,09:59,16:47,07:12,08:23,00:00,03:29,11:52,18:00,18:00,12:35,02:04,03:29,14:00,18:00,20:04,03:29,20:16,16:47,07:12,00:00,03:29,20:16,16:47,07:12,00:00,
25-05-2026,03:28,05:03,12:04,15:45,19:04,19:24,20:17,03:18,00:04,22:24,01:43,14:01,09:59,16:49,07:10,08:24,00:00,03:28,11:52,18:00,18:00,12:36,02:04,03:28,14:00,18:00,20:04,03:28,20:17,16:49,07:10,00:00,03:28,20:17,16:49,07:10,00:00,
26-05-2026,03:27,05:03,12:04,15:45,19:05,19:24,20:18,03:17,00:04,22:24,01:43,14:02,09:57,16:51,07:09,08:25,00:00,03:27,11:52,18:00,18:00,12:38,02:05,03:27,14:00,18:00,20:05,03:27,20:18,16:51,07:09,00:00,03:27,20:18,16:51,07:09,00:00,
27-05-2026,03:27,05:02,12:04,15:45,19:05,19:25,20:19,03:17,00:04,22:24,01:43,14:03,09:57,16:52,07:07,08:26,00:00,03:27,11:53,18:00,18:00,12:39,02:06,03:27,14:00,18:00,20:06,03:27,20:19,16:52,07:07,00:00,03:27,20:19,16:52,07:07,00:00,
28-05-2026,03:26,05:02,12:04,15:45,19:06,19:26,20:19,03:16,00:04,22:25,01:43,14:04,09:56,16:53,07:07,08:26,00:00,03:26,11:52,18:00,18:00,12:39,02:05,03:26,14:00,18:00,20:05,03:26,20:19,16:53,07:07,00:00,03:26,20:19,16:53,07:07,00:00,
29-05-2026,03:26,05:02,12:04,15:45,19:07,19:26,20:20,03:16,00:04,22:25,01:43,14:05,09:54,16:54,07:05,08:27,00:00,03:26,11:53,18:00,18:00,12:40,02:06,03:26,14:00,18:00,20:06,03:26,20:20,16:54,07:05,00:00,03:26,20:20,16:54,07:05,00:00,
30-05-2026,03:25,05:01,12:04,15:45,19:07,19:27,20:21,03:15,00:04,22:25,01:43,14:06,09:54,16:56,07:03,08:28,00:00,03:25,11:53,18:00,18:00,12:42,02:07,03:25,14:00,18:00,20:07,03:25,20:21,16:56,07:03,00:00,03:25,20:21,16:56,07:03,00:00,
31-05-2026,03:24,05:01,12:04,15:45,19:08,19:28,20:22,03:14,00:04,22:26,01:43,14:07,09:53,16:58,07:02,08:29,00:00,03:24,11:53,18:00,18:00,12:43,02:07,03:24,14:00,18:00,20:07,03:24,20:22,16:58,07:02,00:00,03:24,20:22,16:58,07:02,00:00,
01-06-2026,03:24,05:01,12:04,15:46,19:08,19:28,20:22,03:14,00:05,22:26,01:43,14:07,09:52,16:58,07:01,08:29,00:00,03:24,11:53,18:00,18:00,12:43,02:07,03:24,14:00,18:00,20:07,03:24,20:22,16:58,07:01,00:00,03:24,20:22,16:58,07:01,00:00,
02-06-2026,03:23,05:00,12:05,15:46,19:09,19:29,20:23,03:13,00:05,22:26,01:43,14:09,09:51,17:00,07:00,08:30,00:00,03:23,11:53,18:00,18:00,12:45,02:08,03:23,14:00,18:00,20:08,03:23,20:23,17:00,07:00,00:00,03:23,20:23,17:00,07:00,00:00,
03-06-2026,03:23,05:00,12:05,15:46,19:10,19:29,20:24,03:13,00:05,22:26,01:43,14:10,09:50,17:01,06:59,08:30,00:00,03:23,11:53,18:00,18:00,12:45,02:08,03:23,14:00,18:00,20:08,03:23,20:24,17:01,06:59,00:00,03:23,20:24,17:01,06:59,00:00,
04-06-2026,03:23,05:00,12:05,15:46,19:10,19:30,20:24,03:13,00:05,22:27,01:43,14:10,09:50,17:01,06:58,08:30,00:00,03:23,11:53,18:00,18:00,12:45,02:08,03:23,14:00,18:00,20:08,03:23,20:24,17:01,06:58,00:00,03:23,20:24,17:01,06:58,00:00,
05-06-2026,03:22,05:00,12:05,15:46,19:11,19:30,20:25,03:12,00:05,22:27,01:43,14:11,09:49,17:03,06:57,08:31,00:00,03:22,11:53,18:00,18:00,12:47,02:09,03:22,14:00,18:00,20:09,03:22,20:25,17:03,06:57,00:00,03:22,20:25,17:03,06:57,00:00,
06-06-2026,03:22,05:00,12:05,15:46,19:11,19:31,20:26,03:12,00:05,22:27,01:43,14:11,09:48,17:04,06:56,08:32,00:00,03:22,11:54,18:00,18:00,12:48,02:10,03:22,14:00,18:00,20:10,03:22,20:26,17:04,06:56,00:00,03:22,20:26,17:04,06:56,00:00,
07-06-2026,03:22,04:59,12:05,15:47,19:12,19:32,20:26,03:12,00:06,22:28,01:43,14:13,09:47,17:04,06:55,08:32,00:00,03:22,11:54,18:00,18:00,12:48,02:10,03:22,14:00,18:00,20:10,03:22,20:26,17:04,06:55,00:00,03:22,20:26,17:04,06:55,00:00,
08-06-2026,03:21,04:59,12:06,15:47,19:12,19:32,20:27,03:11,00:06,22:28,01:44,14:13,09:47,17:06,06:54,08:33,00:00,03:21,11:54,18:00,18:00,12:49,02:10,03:21,14:00,18:00,20:10,03:21,20:27,17:06,06:54,00:00,03:21,20:27,17:06,06:54,00:00,
09-06-2026,03:21,04:59,12:06,15:47,19:13,19:32,20:27,03:11,00:06,22:28,01:44,14:14,09:46,17:06,06:54,08:33,00:00,03:21,11:54,18:00,18:00,12:49,02:10,03:21,14:00,18:00,20:10,03:21,20:27,17:06,06:54,00:00,03:21,20:27,17:06,06:54,00:00,
10-06-2026,03:21,04:59,12:06,15:47,19:13,19:33,20:28,03:11,00:06,22:28,01:44,14:14,09:46,17:07,06:53,08:33,00:00,03:21,11:54,18:00,18:00,12:50,02:11,03:21,14:00,18:00,20:11,03:21,20:28,17:07,06:53,00:00,03:21,20:28,17:07,06:53,00:00,
11-06-2026,03:21,04:59,12:06,15:47,19:13,19:33,20:28,03:11,00:06,22:29,01:44,14:14,09:46,17:07,06:53,08:33,00:00,03:21,11:54,18:00,18:00,12:50,02:11,03:21,14:00,18:00,20:11,03:21,20:28,17:07,06:53,00:00,03:21,20:28,17:07,06:53,00:00,
12-06-2026,03:21,04:59,12:06,15:48,19:14,19:34,20:29,03:11,00:06,22:29,01:44,14:15,09:45,17:08,06:52,08:34,00:00,03:21,11:55,18:00,18:00,12:51,02:12,03:21,14:00,18:00,20:12,03:21,20:29,17:08,06:52,00:00,03:21,20:29,17:08,06:52,00:00,
13-06-2026,03:21,04:59,12:07,15:48,19:14,19:34,20:29,03:11,00:07,22:29,01:44,14:15,09:45,17:08,06:52,08:34,00:00,03:21,11:55,18:00,18:00,12:51,02:12,03:21,14:00,18:00,20:12,03:21,20:29,17:08,06:52,00:00,03:21,20:29,17:08,06:52,00:00,
14-06-2026,03:21,04:59,12:07,15:48,19:15,19:35,20:30,03:11,00:07,22:29,01:44,14:16,09:44,17:09,06:50,08:34,00:00,03:21,11:55,18:00,18:00,12:51,02:12,03:21,14:00,18:00,20:12,03:21,20:30,17:09,06:50,00:00,03:21,20:30,17:09,06:50,00:00,
15-06-2026,03:20,04:59,12:07,15:48,19:15,19:35,20:30,03:10,00:07,22:30,01:44,14:16,09:44,17:10,06:51,08:35,00:00,03:20,11:55,18:00,18:00,12:52,02:12,03:20,14:00,18:00,20:12,03:20,20:30,17:10,06:51,00:00,03:20,20:30,17:10,06:51,00:00,
16-06-2026,03:21,04:59,12:07,15:48,19:15,19:35,20:31,03:11,00:07,22:30,01:45,14:16,09:44,17:10,06:50,08:35,00:00,03:21,11:56,18:00,18:00,12:52,02:13,03:21,14:00,18:00,20:13,03:21,20:31,17:10,06:50,00:00,03:21,20:31,17:10,06:50,00:00,
17-06-2026,03:21,04:59,12:07,15:49,19:16,19:36,20:31,03:11,00:08,22:30,01:45,14:17,09:44,17:10,06:50,08:35,00:00,03:21,11:56,18:00,18:00,12:52,02:13,03:21,14:00,18:00,20:13,03:21,20:31,17:10,06:50,00:00,03:21,20:31,17:10,06:50,00:00,
18-06-2026,03:21,05:00,12:08,15:49,19:16,19:36,20:31,03:11,00:08,22:30,01:45,14:16,09:44,17:10,06:50,08:35,00:00,03:21,11:56,18:00,18:00,12:52,02:13,03:21,14:00,18:00,20:13,03:21,20:31,17:10,06:50,00:00,03:21,20:31,17:10,06:50,00:00,
19-06-2026,03:21,05:00,12:08,15:49,19:16,19:36,20:32,03:11,00:08,22:31,01:45,14:16,09:44,17:11,06:49,08:35,00:00,03:21,11:56,18:00,18:00,12:53,02:14,03:21,14:00,18:00,20:14,03:21,20:32,17:11,06:49,00:00,03:21,20:32,17:11,06:49,00:00,
20-06-2026,03:21,05:00,12:08,15:49,19:16,19:36,20:32,03:11,00:08,22:31,01:45,14:16,09:44,17:11,06:49,08:35,00:00,03:21,11:56,18:00,18:00,12:53,02:14,03:21,14:00,18:00,20:14,03:21,20:32,17:11,06:49,00:00,03:21,20:32,17:11,06:49,00:00,
21-06-2026,03:21,05:00,12:08,15:50,19:17,19:37,20:32,03:11,00:08,22:31,01:46,14:17,09:43,17:11,06:49,08:35,00:00,03:21,11:56,18:00,18:00,12:53,02:14,03:21,14:00,18:00,20:14,03:21,20:32,17:11,06:49,00:00,03:21,20:32,17:11,06:49,00:00,
22-06-2026,03:21,05:00,12:09,15:50,19:17,19:37,20:32,03:11,00:09,22:31,01:46,14:17,09:44,17:11,06:50,08:35,00:00,03:21,11:56,18:00,18:00,12:53,02:14,03:21,14:00,18:00,20:14,03:21,20:32,17:11,06:50,00:00,03:21,20:32,17:11,06:50,00:00,
23-06-2026,03:22,05:01,12:09,15:50,19:17,19:37,20:32,03:12,00:09,22:32,01:46,14:16,09:44,17:10,06:50,08:35,00:00,03:22,11:57,18:00,18:00,12:52,02:14,03:22,14:00,18:00,20:14,03:22,20:32,17:10,06:50,00:00,03:22,20:32,17:10,06:50,00:00,
24-06-2026,03:22,05:01,12:09,15:50,19:17,19:37,20:33,03:12,00:09,22:32,01:46,14:16,09:44,17:11,06:49,08:35,00:00,03:22,11:57,18:00,18:00,12:53,02:15,03:22,14:00,18:00,20:15,03:22,20:33,17:11,06:49,00:00,03:22,20:33,17:11,06:49,00:00,
25-06-2026,03:22,05:01,12:09,15:50,19:17,19:37,20:33,03:12,00:09,22:32,01:47,14:16,09:44,17:11,06:50,08:35,00:00,03:22,11:57,18:00,18:00,12:53,02:15,03:22,14:00,18:00,20:15,03:22,20:33,17:11,06:50,00:00,03:22,20:33,17:11,06:50,00:00,
26-06-2026,03:23,05:01,12:09,15:51,19:17,19:37,20:33,03:13,00:09,22:32,01:47,14:16,09:45,17:10,06:50,08:35,00:00,03:23,11:58,18:00,18:00,12:52,02:15,03:23,14:00,18:00,20:15,03:23,20:33,17:10,06:50,00:00,03:23,20:33,17:10,06:50,00:00,
27-06-2026,03:23,05:02,12:10,15:51,19:17,19:37,20:33,03:13,00:10,22:32,01:47,14:15,09:45,17:10,06:50,08:35,00:00,03:23,11:58,18:00,18:00,12:52,02:15,03:23,14:00,18:00,20:15,03:23,20:33,17:10,06:50,00:00,03:23,20:33,17:10,06:50,00:00,
28-06-2026,03:23,05:02,12:10,15:51,19:17,19:38,20:33,03:13,00:10,22:32,01:47,14:15,09:45,17:10,06:51,08:35,00:00,03:23,11:58,18:00,18:00,12:52,02:15,03:23,14:00,18:00,20:15,03:23,20:33,17:10,06:51,00:00,03:23,20:33,17:10,06:51,00:00,
29-06-2026,03:24,05:02,12:10,15:51,19:18,19:38,20:33,03:14,00:10,22:33,01:48,14:16,09:45,17:09,06:51,08:34,00:00,03:24,11:58,18:00,18:00,12:51,02:15,03:24,14:00,18:00,20:15,03:24,20:33,17:09,06:51,00:00,03:24,20:33,17:09,06:51,00:00,
30-06-2026,03:24,05:03,12:10,15:52,19:18,19:38,20:33,03:14,00:10,22:33,01:48,14:15,09:45,17:09,06:52,08:34,00:00,03:24,11:58,18:00,18:00,12:51,02:15,03:24,14:00,18:00,20:15,03:24,20:33,17:09,06:52,00:00,03:24,20:33,17:09,06:52,00:00,
01-07-2026,03:25,05:03,12:10,15:52,19:18,19:37,20:33,03:15,00:10,22:33,01:48,14:15,09:46,17:08,06:52,08:34,00:00,03:25,11:59,18:00,18:00,12:51,02:16,03:25,14:00,18:00,20:16,03:25,20:33,17:08,06:52,00:00,03:25,20:33,17:08,06:52,00:00,
02-07-2026,03:25,05:04,12:11,15:52,19:17,19:37,20:32,03:15,00:11,22:33,01:48,14:13,09:47,17:07,06:54,08:33,00:00,03:25,11:58,18:00,18:00,12:50,02:15,03:25,14:00,18:00,20:15,03:25,20:32,17:07,06:54,00:00,03:25,20:32,17:07,06:54,00:00,
03-07-2026,03:26,05:04,12:11,15:52,19:17,19:37,20:32,03:16,00:11,22:33,01:49,14:13,09:48,17:06,06:54,08:33,00:00,03:26,11:59,18:00,18:00,12:49,02:15,03:26,14:00,18:00,20:15,03:26,20:32,17:06,06:54,00:00,03:26,20:32,17:06,06:54,00:00,
04-07-2026,03:26,05:05,12:11,15:52,19:17,19:37,20:32,03:16,00:11,22:33,01:49,14:12,09:48,17:06,06:55,08:33,00:00,03:26,11:59,18:00,18:00,12:49,02:15,03:26,14:00,18:00,20:15,03:26,20:32,17:06,06:55,00:00,03:26,20:32,17:06,06:55,00:00,
05-07-2026,03:27,05:05,12:11,15:53,19:17,19:37,20:32,03:17,00:11,22:33,01:49,14:12,09:48,17:05,06:56,08:32,00:00,03:27,11:59,18:00,18:00,12:48,02:15,03:27,14:00,18:00,20:15,03:27,20:32,17:05,06:56,00:00,03:27,20:32,17:05,06:56,00:00,
06-07-2026,03:28,05:05,12:11,15:53,19:17,19:37,20:32,03:18,00:11,22:33,01:49,14:12,09:49,17:04,06:56,08:32,00:00,03:28,12:00,18:00,18:00,12:48,02:16,03:28,14:00,18:00,20:16,03:28,20:32,17:04,06:56,00:00,03:28,20:32,17:04,06:56,00:00,
07-07-2026,03:28,05:06,12:12,15:53,19:17,19:37,20:31,03:18,00:11,22:33,01:50,14:11,09:49,17:03,06:58,08:31,00:00,03:28,11:59,18:00,18:00,12:47,02:15,03:28,14:00,18:00,20:15,03:28,20:31,17:03,06:58,00:00,03:28,20:31,17:03,06:58,00:00,
08-07-2026,03:29,05:06,12:12,15:53,19:17,19:36,20:31,03:19,00:12,22:33,01:50,14:11,09:50,17:02,06:59,08:31,00:00,03:29,12:00,18:00,18:00,12:46,02:15,03:29,14:00,18:00,20:15,03:29,20:31,17:02,06:59,00:00,03:29,20:31,17:02,06:59,00:00,
09-07-2026,03:30,05:07,12:12,15:53,19:16,19:36,20:31,03:20,00:12,22:33,01:50,14:09,09:52,17:01,06:59,08:30,00:00,03:30,12:00,18:00,18:00,12:45,02:15,03:30,14:00,18:00,20:15,03:30,20:31,17:01,06:59,00:00,03:30,20:31,17:01,06:59,00:00,
10-07-2026,03:30,05:08,12:12,15:54,19:16,19:36,20:30,03:20,00:12,22:33,01:50,14:08,09:52,17:00,07:01,08:30,00:00,03:30,12:00,18:00,18:00,12:45,02:15,03:30,14:00,18:00,20:15,03:30,20:30,17:00,07:01,00:00,03:30,20:30,17:00,07:01,00:00,
11-07-2026,03:31,05:08,12:12,15:54,19:16,19:36,20:30,03:21,00:12,22:33,01:51,14:08,09:53,16:59,07:02,08:29,00:00,03:31,12:00,18:00,18:00,12:44,02:15,03:31,14:00,18:00,20:15,03:31,20:30,16:59,07:02,00:00,03:31,20:30,16:59,07:02,00:00,
12-07-2026,03:32,05:09,12:12,15:54,19:16,19:35,20:29,03:22,00:12,22:33,01:51,14:07,09:53,16:57,07:04,08:28,00:00,03:32,12:00,18:00,18:00,12:42,02:14,03:32,14:00,18:00,20:14,03:32,20:29,16:57,07:04,00:00,03:32,20:29,16:57,07:04,00:00,
13-07-2026,03:33,05:09,12:12,15:54,19:15,19:35,20:29,03:23,00:12,22:33,01:51,14:06,09:55,16:56,07:05,08:28,00:00,03:33,12:01,18:00,18:00,12:42,02:15,03:33,14:00,18:00,20:15,03:33,20:29,16:56,07:05,00:00,03:33,20:29,16:56,07:05,00:00,
14-07-2026,03:34,05:10,12:12,15:54,19:15,19:35,20:28,03:24,00:12,22:33,01:51,14:05,09:55,16:54,07:06,08:27,00:00,03:34,12:01,18:00,18:00,12:40,02:14,03:34,14:00,18:00,20:14,03:34,20:28,16:54,07:06,00:00,03:34,20:28,16:54,07:06,00:00,
15-07-2026,03:34,05:10,12:13,15:54,19:15,19:34,20:28,03:24,00:12,22:33,01:52,14:05,09:56,16:54,07:07,08:27,00:00,03:34,12:01,18:00,18:00,12:40,02:14,03:34,14:00,18:00,20:14,03:34,20:28,16:54,07:07,00:00,03:34,20:28,16:54,07:07,00:00,
16-07-2026,03:35,05:11,12:13,15:54,19:14,19:34,20:27,03:25,00:13,22:33,01:52,14:03,09:58,16:52,07:09,08:26,00:00,03:35,12:01,18:00,18:00,12:39,02:14,03:35,14:00,18:00,20:14,03:35,20:27,16:52,07:09,00:00,03:35,20:27,16:52,07:09,00:00,
17-07-2026,03:36,05:12,12:13,15:54,19:14,19:33,20:27,03:26,00:13,22:33,01:52,14:02,09:58,16:51,07:10,08:25,00:00,03:36,12:01,18:00,18:00,12:38,02:14,03:36,14:00,18:00,20:14,03:36,20:27,16:51,07:10,00:00,03:36,20:27,16:51,07:10,00:00,
18-07-2026,03:37,05:12,12:13,15:55,19:13,19:33,20:26,03:27,00:13,22:33,01:53,14:01,10:00,16:49,07:12,08:24,00:00,03:37,12:01,18:00,18:00,12:36,02:13,03:37,14:00,18:00,20:13,03:37,20:26,16:49,07:12,00:00,03:37,20:26,16:49,07:12,00:00,
19-07-2026,03:38,05:13,12:13,15:55,19:13,19:32,20:25,03:28,00:13,22:33,01:53,14:00,10:00,16:47,07:14,08:23,00:00,03:38,12:01,18:00,18:00,12:35,02:13,03:38,14:00,18:00,20:13,03:38,20:25,16:47,07:14,00:00,03:38,20:25,16:47,07:14,00:00,
20-07-2026,03:39,05:13,12:13,15:55,19:12,19:32,20:25,03:29,00:13,22:33,01:53,13:59,10:02,16:46,07:15,08:23,00:00,03:39,12:02,18:00,18:00,12:34,02:13,03:39,14:00,18:00,20:13,03:39,20:25,16:46,07:15,00:00,03:39,20:25,16:46,07:15,00:00,
21-07-2026,03:40,05:14,12:13,15:55,19:12,19:31,20:24,03:30,00:13,22:33,01:53,13:58,10:03,16:44,07:16,08:22,00:00,03:40,12:02,18:00,18:00,12:33,02:13,03:40,14:00,18:00,20:13,03:40,20:24,16:44,07:16,00:00,03:40,20:24,16:44,07:16,00:00,
22-07-2026,03:40,05:15,12:13,15:55,19:11,19:31,20:23,03:30,00:13,22:32,01:53,13:56,10:04,16:43,07:18,08:21,00:00,03:40,12:01,18:00,18:00,12:32,02:12,03:40,14:00,18:00,20:12,03:40,20:23,16:43,07:18,00:00,03:40,20:23,16:43,07:18,00:00,
23-07-2026,03:41,05:15,12:13,15:55,19:11,19:30,20:22,03:31,00:13,22:32,01:54,13:56,10:05,16:41,07:20,08:20,00:00,03:41,12:01,18:00,18:00,12:30,02:11,03:41,14:00,18:00,20:11,03:41,20:22,16:41,07:20,00:00,03:41,20:22,16:41,07:20,00:00,
24-07-2026,03:42,05:16,12:13,15:55,19:10,19:29,20:22,03:32,00:13,22:32,01:54,13:54,10:07,16:40,07:21,08:20,00:00,03:42,12:02,18:00,18:00,12:30,02:12,03:42,14:00,18:00,20:12,03:42,20:22,16:40,07:21,00:00,03:42,20:22,16:40,07:21,00:00,
25-07-2026,03:43,05:17,12:13,15:55,19:09,19:29,20:21,03:33,00:13,22:32,01:54,13:52,10:08,16:38,07:23,08:19,00:00,03:43,12:02,18:00,18:00,12:28,02:11,03:43,14:00,18:00,20:11,03:43,20:21,16:38,07:23,00:00,03:43,20:21,16:38,07:23,00:00,
26-07-2026,03:44,05:17,12:13,15:55,19:09,19:28,20:20,03:34,00:13,22:32,01:54,13:52,10:09,16:36,07:25,08:18,00:00,03:44,12:02,18:00,18:00,12:27,02:11,03:44,14:00,18:00,20:11,03:44,20:20,16:36,07:25,00:00,03:44,20:20,16:36,07:25,00:00,
27-07-2026,03:45,05:18,12:13,15:55,19:08,19:27,20:19,03:35,00:13,22:31,01:55,13:50,10:10,16:34,07:27,08:17,00:00,03:45,12:02,18:00,18:00,12:25,02:10,03:45,14:00,18:00,20:10,03:45,20:19,16:34,07:27,00:00,03:45,20:19,16:34,07:27,00:00,
28-07-2026,03:46,05:18,12:13,15:55,19:07,19:26,20:18,03:36,00:13,22:31,01:55,13:49,10:12,16:32,07:29,08:16,00:00,03:46,12:02,18:00,18:00,12:24,02:10,03:46,14:00,18:00,20:10,03:46,20:18,16:32,07:29,00:00,03:46,20:18,16:32,07:29,00:00,
29-07-2026,03:47,05:19,12:13,15:55,19:07,19:26,20:17,03:37,00:13,22:31,01:55,13:48,10:13,16:30,07:31,08:15,00:00,03:47,12:02,18:00,18:00,12:22,02:09,03:47,14:00,18:00,20:09,03:47,20:17,16:30,07:31,00:00,03:47,20:17,16:30,07:31,00:00,
30-07-2026,03:48,05:20,12:13,15:55,19:06,19:25,20:16,03:38,00:13,22:31,01:55,13:46,10:14,16:28,07:33,08:14,00:00,03:48,12:02,18:00,18:00,12:21,02:09,03:48,14:00,18:00,20:09,03:48,20:16,16:28,07:33,00:00,03:48,20:16,16:28,07:33,00:00,
31-07-2026,03:49,05:20,12:13,15:54,19:05,19:24,20:15,03:39,00:13,22:30,01:55,13:45,10:16,16:26,07:35,08:13,00:00,03:49,12:02,18:00,18:00,12:19,02:08,03:49,14:00,18:00,20:08,03:49,20:15,16:26,07:35,00:00,03:49,20:15,16:26,07:35,00:00,
01-08-2026,03:50,05:21,12:13,15:54,19:04,19:23,20:14,03:40,00:13,22:30,01:56,13:43,10:18,16:24,07:37,08:12,00:00,03:50,12:02,18:00,18:00,12:18,02:08,03:50,14:00,18:00,20:08,03:50,20:14,16:24,07:37,00:00,03:50,20:14,16:24,07:37,00:00,
02-08-2026,03:51,05:22,12:13,15:54,19:04,19:22,20:13,03:41,00:13,22:30,01:56,13:42,10:18,16:22,07:39,08:11,00:00,03:51,12:02,18:00,18:00,12:16,02:07,03:51,14:00,18:00,20:07,03:51,20:13,16:22,07:39,00:00,03:51,20:13,16:22,07:39,00:00,
03-08-2026,03:52,05:22,12:13,15:54,19:03,19:22,20:12,03:42,00:13,22:29,01:56,13:41,10:20,16:20,07:41,08:10,00:00,03:52,12:02,18:00,18:00,12:15,02:07,03:52,14:00,18:00,20:07,03:52,20:12,16:20,07:41,00:00,03:52,20:12,16:20,07:41,00:00,
04-08-2026,03:53,05:23,12:13,15:54,19:02,19:21,20:11,03:43,00:13,22:29,01:56,13:39,10:22,16:18,07:43,08:09,00:00,03:53,12:02,18:00,18:00,12:13,02:06,03:53,14:00,18:00,20:06,03:53,20:11,16:18,07:43,00:00,03:53,20:11,16:18,07:43,00:00,
05-08-2026,03:54,05:24,12:13,15:54,19:01,19:20,20:10,03:44,00:12,22:29,01:56,13:37,10:24,16:16,07:45,08:08,00:00,03:54,12:02,18:00,18:00,12:12,02:06,03:54,14:00,18:00,20:06,03:54,20:10,16:16,07:45,00:00,03:54,20:10,16:16,07:45,00:00,
06-08-2026,03:55,05:25,12:13,15:54,19:00,19:19,20:09,03:45,00:12,22:28,01:56,13:35,10:25,16:14,07:47,08:07,00:00,03:55,12:02,18:00,18:00,12:10,02:05,03:55,14:00,18:00,20:05,03:55,20:09,16:14,07:47,00:00,03:55,20:09,16:14,07:47,00:00,
07-08-2026,03:56,05:25,12:12,15:53,18:59,19:18,20:08,03:46,00:12,22:28,01:57,13:34,10:27,16:12,07:49,08:06,00:00,03:56,12:02,18:00,18:00,12:09,02:05,03:56,14:00,18:00,20:05,03:56,20:08,16:12,07:49,00:00,03:56,20:08,16:12,07:49,00:00,
08-08-2026,03:57,05:26,12:12,15:53,18:58,19:17,20:07,03:47,00:12,22:27,01:57,13:32,10:29,16:10,07:51,08:05,00:00,03:57,12:02,18:00,18:00,12:07,02:04,03:57,14:00,18:00,20:04,03:57,20:07,16:10,07:51,00:00,03:57,20:07,16:10,07:51,00:00,
09-08-2026,03:58,05:27,12:12,15:53,18:57,19:16,20:06,03:48,00:12,22:27,01:57,13:30,10:30,16:08,07:52,08:04,00:00,03:58,12:02,18:00,18:00,12:06,02:04,03:58,14:00,18:00,20:04,03:58,20:06,16:08,07:52,00:00,03:58,20:06,16:08,07:52,00:00,
10-08-2026,03:58,05:27,12:12,15:53,18:56,19:15,20:05,03:48,00:12,22:27,01:57,13:29,10:32,16:07,07:54,08:03,00:00,03:58,12:01,18:00,18:00,12:05,02:03,03:58,14:00,18:00,20:03,03:58,20:05,16:07,07:54,00:00,03:58,20:05,16:07,07:54,00:00,
11-08-2026,03:59,05:28,12:12,15:52,18:55,19:14,20:03,03:49,00:12,22:26,01:57,13:27,10:34,16:04,07:57,08:02,00:00,03:59,12:01,18:00,18:00,12:03,02:02,03:59,14:00,18:00,20:02,03:59,20:03,16:04,07:57,00:00,03:59,20:03,16:04,07:57,00:00,
12-08-2026,04:00,05:29,12:12,15:52,18:54,19:13,20:02,03:50,00:11,22:26,01:57,13:25,10:35,16:02,07:59,08:01,00:00,04:00,12:01,18:00,18:00,12:01,02:01,04:00,14:00,18:00,20:01,04:00,20:02,16:02,07:59,00:00,04:00,20:02,16:02,07:59,00:00,
13-08-2026,04:01,05:29,12:11,15:52,18:53,19:12,20:01,03:51,00:11,22:25,01:57,13:24,10:37,16:00,08:01,08:00,00:00,04:01,12:01,18:00,18:00,12:00,02:01,04:01,14:00,18:00,20:01,04:01,20:01,16:00,08:01,00:00,04:01,20:01,16:00,08:01,00:00,
14-08-2026,04:02,05:30,12:11,15:52,18:52,19:11,20:00,03:52,00:11,22:25,01:57,13:22,10:39,15:58,08:03,07:59,00:00,04:02,12:01,18:00,18:00,11:58,02:00,04:02,14:00,18:00,20:00,04:02,20:00,15:58,08:03,00:00,04:02,20:00,15:58,08:03,00:00,
15-08-2026,04:03,05:31,12:11,15:51,18:51,19:10,19:58,03:53,00:11,22:24,01:57,13:20,10:40,15:55,08:06,07:57,00:00,04:03,12:00,18:00,18:00,11:56,01:59,04:03,14:00,18:00,19:59,04:03,19:58,15:55,08:06,00:00,04:03,19:59,15:56,08:05,00:01,
16-08-2026,04:04,05:31,12:11,15:51,18:50,19:08,19:57,03:54,00:11,22:24,01:58,13:19,10:42,15:53,08:08,07:56,00:00,04:04,12:00,18:00,18:00,11:54,01:58,04:04,14:00,18:00,19:58,04:04,19:57,15:53,08:08,00:00,04:04,19:58,15:54,08:07,00:01,
17-08-2026,04:05,05:32,12:11,15:50,18:49,19:07,19:56,03:55,00:10,22:23,01:58,13:17,10:43,15:51,08:10,07:55,00:00,04:05,12:00,18:00,18:00,11:53,01:58,04:05,14:00,18:00,19:58,04:05,19:56,15:51,08:10,00:00,04:05,19:58,15:53,08:08,00:02,
18-08-2026,04:06,05:32,12:10,15:50,18:48,19:06,19:55,03:56,00:10,22:23,01:58,13:16,10:45,15:49,08:12,07:54,00:00,04:06,12:00,18:00,18:00,11:51,01:57,04:06,14:00,18:00,19:57,04:06,19:55,15:49,08:12,00:00,04:06,19:57,15:51,08:10,00:02,
19-08-2026,04:07,05:33,12:10,15:50,18:47,19:05,19:53,03:57,00:10,22:22,01:58,13:14,10:47,15:46,08:15,07:53,00:00,04:07,12:00,18:00,18:00,11:49,01:56,04:07,14:00,18:00,19:56,04:07,19:53,15:46,08:15,00:00,04:07,19:56,15:49,08:12,00:03,
20-08-2026,04:08,05:34,12:10,15:49,18:46,19:04,19:52,03:58,00:10,22:22,01:58,13:12,10:48,15:44,08:17,07:52,00:00,04:08,12:00,18:00,18:00,11:48,01:56,04:08,14:00,18:00,19:56,04:08,19:52,15:44,08:17,00:00,04:08,19:56,15:48,08:13,00:04,
21-08-2026,04:09,05:34,12:10,15:49,18:45,19:03,19:51,03:59,00:10,22:21,01:58,13:11,10:50,15:42,08:19,07:51,00:00,04:09,12:00,18:00,18:00,11:46,01:55,04:09,14:00,18:00,19:55,04:09,19:51,15:42,08:19,00:00,04:09,19:55,15:46,08:15,00:04,
22-08-2026,04:10,05:35,12:10,15:48,18:43,19:01,19:49,04:00,00:09,22:21,01:58,13:08,10:53,15:39,08:21,07:49,00:00,04:10,11:59,18:00,18:00,11:44,01:54,04:10,14:00,18:00,19:54,04:10,19:49,15:39,08:21,00:00,04:10,19:54,15:44,08:16,00:05,
23-08-2026,04:10,05:36,12:09,15:48,18:42,19:00,19:48,04:00,00:09,22:20,01:58,13:06,10:54,15:38,08:23,07:49,00:00,04:10,11:59,18:00,18:00,11:43,01:53,04:10,14:00,18:00,19:53,04:10,19:48,15:38,08:23,00:00,04:10,19:53,15:43,08:18,00:05,
24-08-2026,04:11,05:36,12:09,15:47,18:41,18:59,19:47,04:01,00:09,22:20,01:58,13:05,10:56,15:36,08:25,07:48,00:00,04:11,11:59,18:00,18:00,11:42,01:53,04:11,14:00,18:00,19:53,04:11,19:47,15:36,08:25,00:00,04:11,19:53,15:42,08:19,00:06,
25-08-2026,04:12,05:37,12:09,15:47,18:40,18:58,19:45,04:02,00:08,22:19,01:58,13:03,10:58,15:33,08:28,07:46,00:00,04:12,11:58,18:00,18:00,11:39,01:51,04:12,14:00,18:00,19:51,04:12,19:45,15:33,08:28,00:00,04:12,19:51,15:39,08:22,00:06,
26-08-2026,04:13,05:38,12:08,15:46,18:39,18:57,19:44,04:03,00:08,22:18,01:58,13:01,10:59,15:31,08:30,07:45,00:00,04:13,11:58,18:00,18:00,11:38,01:51,04:13,14:00,18:00,19:51,04:13,19:44,15:31,08:30,00:00,04:13,19:51,15:38,08:23,00:07,
27-08-2026,04:14,05:38,12:08,15:46,18:38,18:55,19:43,04:04,00:08,22:18,01:58,13:00,11:01,15:29,08:32,07:44,00:00,04:14,11:58,18:00,18:00,11:36,01:50,04:14,14:00,18:00,19:50,04:14,19:43,15:29,08:32,00:00,04:14,19:50,15:36,08:25,00:07,
28-08-2026,04:15,05:39,12:08,15:45,18:36,18:54,19:41,04:05,00:08,22:17,01:58,12:57,11:04,15:26,08:35,07:43,00:00,04:15,11:58,18:00,18:00,11:34,01:49,04:15,14:00,18:00,19:49,04:15,19:41,15:26,08:35,00:00,04:15,19:49,15:34,08:27,00:08,
29-08-2026,04:16,05:40,12:08,15:45,18:35,18:53,19:40,04:06,00:07,22:17,01:58,12:55,11:05,15:24,08:36,07:42,00:00,04:16,11:58,18:00,18:00,11:33,01:49,04:16,14:00,18:00,19:49,04:16,19:40,15:24,08:36,00:00,04:16,19:49,15:33,08:27,00:09,
30-08-2026,04:16,05:40,12:07,15:44,18:34,18:52,19:39,04:06,00:07,22:16,01:58,12:54,11:07,15:23,08:38,07:41,00:00,04:16,11:57,18:00,18:00,11:32,01:48,04:16,14:00,18:00,19:48,04:16,19:39,15:23,08:38,00:00,04:16,19:48,15:32,08:29,00:09,
31-08-2026,04:17,05:41,12:07,15:44,18:33,18:50,19:37,04:07,00:07,22:15,01:58,12:52,11:08,15:20,08:41,07:40,00:00,04:17,11:57,18:00,18:00,11:30,01:47,04:17,14:00,18:00,19:47,04:17,19:37,15:20,08:41,00:00,04:17,19:47,15:30,08:31,00:10,
01-09-2026,04:18,05:41,12:07,15:43,18:31,18:49,19:36,04:08,00:06,22:15,01:58,12:50,11:11,15:18,08:43,07:39,00:00,04:18,11:57,18:00,18:00,11:28,01:46,04:18,14:00,18:00,19:46,04:18,19:36,15:18,08:43,00:00,04:18,19:46,15:28,08:33,00:10,X
02-09-2026,04:19,05:42,12:06,15:42,18:30,18:48,19:34,04:09,00:06,22:14,01:58,12:48,11:13,15:15,08:46,07:37,00:00,04:19,11:56,18:00,18:00,11:26,01:45,04:19,14:00,18:00,19:45,04:19,19:34,15:15,08:46,00:00,04:19,19:45,15:26,08:35,00:11,
03-09-2026,04:20,05:43,12:06,15:42,18:29,18:46,19:33,04:10,00:06,22:13,01:58,12:46,11:14,15:13,08:48,07:36,00:00,04:20,11:56,18:00,18:00,11:24,01:44,04:20,14:00,18:00,19:44,04:20,19:33,15:13,08:48,00:00,04:20,19:44,15:24,08:37,00:11,
04-09-2026,04:21,05:43,12:06,15:41,18:27,18:45,19:32,04:11,00:05,22:13,01:58,12:44,11:17,15:11,08:49,07:35,00:00,04:21,11:56,18:00,18:00,11:23,01:44,04:21,14:00,18:00,19:44,04:21,19:32,15:11,08:49,00:00,04:21,19:44,15:23,08:37,00:12,
05-09-2026,04:21,05:44,12:05,15:40,18:26,18:44,19:30,04:11,00:05,22:12,01:58,12:42,11:19,15:09,08:52,07:34,00:00,04:21,11:55,18:00,18:00,11:21,01:42,04:21,14:00,18:00,19:42,04:21,19:30,15:09,08:52,00:00,04:21,19:42,15:21,08:40,00:12,
06-09-2026,04:22,05:45,12:05,15:40,18:25,18:42,19:29,04:12,00:05,22:11,01:58,12:40,11:20,15:07,08:54,07:33,00:00,04:22,11:55,18:00,18:00,11:20,01:42,04:22,14:00,18:00,19:42,04:22,19:29,15:07,08:54,00:00,04:22,19:42,15:20,08:41,00:13,
07-09-2026,04:23,05:45,12:05,15:39,18:24,18:41,19:27,04:13,00:04,22:11,01:58,12:39,11:22,15:04,08:57,07:32,00:00,04:23,11:55,18:00,18:00,11:18,01:41,04:23,14:00,18:00,19:41,04:23,19:27,15:04,08:57,00:00,04:23,19:41,15:18,08:43,00:14,
08-09-2026,04:24,05:46,12:04,15:38,18:22,18:40,19:26,04:14,00:04,22:10,01:58,12:36,11:24,15:02,08:59,07:31,00:00,04:24,11:55,18:00,18:00,11:16,01:40,04:24,14:00,18:00,19:40,04:24,19:26,15:02,08:59,00:00,04:24,19:40,15:16,08:45,00:14,
09-09-2026,04:25,05:46,12:04,15:38,18:21,18:38,19:24,04:15,00:04,22:09,01:58,12:35,11:26,14:59,09:01,07:29,00:00,04:25,11:54,18:00,18:00,11:14,01:39,04:25,14:00,18:00,19:39,04:25,19:24,14:59,09:01,00:00,04:25,19:39,15:14,08:46,00:15,
10-09-2026,04:25,05:47,12:04,15:37,18:20,18:37,19:23,04:15,00:03,22:09,01:58,12:33,11:28,14:58,09:03,07:29,00:00,04:25,11:54,18:00,18:00,11:13,01:38,04:25,14:00,18:00,19:38,04:25,19:23,14:58,09:03,00:00,04:25,19:38,15:13,08:48,00:15,
11-09-2026,04:26,05:48,12:03,15:36,18:18,18:36,19:22,04:16,00:03,22:08,01:58,12:30,11:30,14:56,09:05,07:28,00:00,04:26,11:54,18:00,18:00,11:12,01:38,04:26,14:00,18:00,19:38,04:26,19:22,14:56,09:05,00:00,04:26,19:38,15:12,08:49,00:16,
12-09-2026,04:27,05:48,12:03,15:35,18:17,18:34,19:20,04:17,00:03,22:07,01:58,12:29,11:32,14:53,09:08,07:26,00:00,04:27,11:53,18:00,18:00,11:09,01:36,04:27,14:00,18:00,19:36,04:27,19:20,14:53,09:08,00:00,04:27,19:36,15:09,08:52,00:16,
13-09-2026,04:28,05:49,12:03,15:35,18:16,18:33,19:19,04:18,00:02,22:07,01:58,12:27,11:34,14:51,09:09,07:25,00:00,04:28,11:53,18:00,18:00,11:08,01:36,04:28,14:00,18:00,19:36,04:28,19:19,14:51,09:09,00:00,04:28,19:36,15:08,08:52,00:17,
14-09-2026,04:28,05:50,12:02,15:34,18:14,18:32,19:17,04:18,00:02,22:06,01:58,12:24,11:36,14:49,09:12,07:24,00:00,04:28,11:52,18:00,18:00,11:06,01:34,04:28,14:00,18:00,19:34,04:28,19:17,14:49,09:12,00:00,04:28,19:34,15:06,08:55,00:17,
15-09-2026,04:29,05:50,12:02,15:33,18:13,18:30,19:16,04:19,00:02,22:05,01:58,12:23,11:38,14:47,09:14,07:23,00:00,04:29,11:52,18:00,18:00,11:05,01:34,04:29,14:00,18:00,19:34,04:29,19:16,14:47,09:14,00:00,04:29,19:34,15:05,08:56,00:18,
16-09-2026,04:30,05:51,12:01,15:32,18:12,18:29,19:15,04:20,00:01,22:05,01:58,12:21,11:39,14:45,09:15,07:22,00:00,04:30,11:52,18:00,18:00,11:03,01:33,04:30,14:00,18:00,19:33,04:30,19:15,14:45,09:15,00:00,04:30,19:33,15:03,08:57,00:18,
17-09-2026,04:30,05:51,12:01,15:32,18:10,18:28,19:13,04:20,00:01,22:04,01:58,12:19,11:42,14:43,09:18,07:21,00:00,04:30,11:51,18:00,18:00,11:02,01:32,04:30,14:00,18:00,19:32,04:30,19:13,14:43,09:18,00:00,04:30,19:32,15:02,08:59,00:19,
18-09-2026,04:31,05:52,12:01,15:31,18:09,18:26,19:12,04:21,00:01,22:03,01:58,12:17,11:44,14:41,09:20,07:20,00:00,04:31,11:51,18:00,18:00,11:00,01:31,04:31,14:00,18:00,19:31,04:31,19:12,14:41,09:20,00:00,04:31,19:31,15:00,09:01,00:19,
19-09-2026,04:32,05:53,12:00,15:30,18:08,18:25,19:10,04:22,00:00,22:03,01:58,12:15,11:45,14:38,09:23,07:19,00:00,04:32,11:51,18:00,18:00,10:58,01:30,04:32,14:00,18:00,19:30,04:32,19:10,14:38,09:23,00:00,04:32,19:30,14:58,09:03,00:20,
20-09-2026,04:33,05:53,12:00,15:29,18:06,18:24,19:09,04:23,00:00,22:02,01:58,12:13,11:48,14:36,09:24,07:18,00:00,04:33,11:51,18:00,18:00,10:57,01:30,04:33,14:00,18:00,19:30,04:33,19:09,14:36,09:24,00:00,04:33,19:30,14:57,09:03,00:21,
21-09-2026,04:33,05:54,12:00,15:28,18:05,18:22,19:08,04:23,23:59,22:01,01:58,12:11,11:50,14:35,09:26,07:17,00:00,04:33,11:50,18:00,18:00,10:56,01:29,04:33,14:00,18:00,19:29,04:33,19:08,14:35,09:26,00:00,04:33,19:29,14:56,09:05,00:21,
22-09-2026,04:34,05:55,11:59,15:27,18:04,18:21,19:06,04:24,23:59,22:01,01:58,12:09,11:51,14:32,09:29,07:16,00:00,04:34,11:50,18:00,18:00,10:54,01:28,04:34,14:00,18:00,19:28,04:34,19:06,14:32,09:29,00:00,04:34,19:28,14:54,09:07,00:22,
23-09-2026,04:35,05:55,11:59,15:27,18:02,18:20,19:05,04:25,23:59,22:00,01:58,12:07,11:54,14:30,09:30,07:15,00:00,04:35,11:50,18:00,18:00,10:52,01:27,04:35,14:00,18:00,19:27,04:35,19:05,14:30,09:30,00:00,04:35,19:27,14:52,09:08,00:22,
24-09-2026,04:35,05:56,11:59,15:26,18:01,18:18,19:03,04:25,23:58,21:59,01:58,12:05,11:55,14:28,09:33,07:14,00:00,04:35,11:49,18:00,18:00,10:51,01:26,04:35,14:00,18:00,19:26,04:35,19:03,14:28,09:33,00:00,04:35,19:26,14:51,09:10,00:23,
25-09-2026,04:36,05:56,11:58,15:25,18:00,18:17,19:02,04:26,23:58,21:59,01:58,12:04,11:57,14:26,09:35,07:13,00:00,04:36,11:49,18:00,18:00,10:49,01:25,04:36,14:00,18:00,19:25,04:36,19:02,14:26,09:35,00:00,04:36,19:25,14:49,09:12,00:23,
26-09-2026,04:37,05:57,11:58,15:24,17:58,18:16,19:01,04:27,23:58,21:58,01:58,12:01,12:00,14:24,09:37,07:12,00:00,04:37,11:49,18:00,18:00,10:48,01:25,04:37,14:00,18:00,19:25,04:37,19:01,14:24,09:37,00:00,04:37,19:25,14:48,09:13,00:24,
27-09-2026,04:38,05:58,11:58,15:23,17:57,18:14,18:59,04:28,23:57,21:57,01:57,11:59,12:01,14:21,09:39,07:10,00:00,04:38,11:48,18:00,18:00,10:45,01:23,04:38,14:00,18:00,19:23,04:38,18:59,14:21,09:39,00:00,04:38,19:23,14:45,09:15,00:24,
28-09-2026,04:38,05:58,11:57,15:22,17:56,18:13,18:58,04:28,23:57,21:57,01:57,11:58,12:03,14:20,09:41,07:10,00:00,04:38,11:48,18:00,18:00,10:45,01:23,04:38,14:00,18:00,19:23,04:38,18:58,14:20,09:41,00:00,04:38,19:23,14:45,09:16,00:25,
29-09-2026,04:39,05:59,11:57,15:22,17:54,18:12,18:57,04:29,23:57,21:56,01:57,11:55,12:06,14:18,09:43,07:09,00:00,04:39,11:48,18:00,18:00,10:43,01:22,04:39,14:00,18:00,19:22,04:39,18:57,14:18,09:43,00:00,04:39,19:22,14:43,09:18,00:25,
30-09-2026,04:40,06:00,11:57,15:21,17:53,18:10,18:55,04:30,23:56,21:55,01:57,11:53,12:07,14:15,09:45,07:07,00:00,04:40,11:47,18:00,18:00,10:41,01:21,04:40,14:00,18:00,19:21,04:40,18:55,14:15,09:45,00:00,04:40,19:21,14:41,09:19,00:26,
01-10-2026,04:40,06:00,11:56,15:20,17:52,18:09,18:54,04:30,23:56,21:55,01:57,11:52,12:09,14:14,09:47,07:07,00:00,04:40,11:47,18:00,18:00,10:40,01:20,04:40,14:00,18:00,19:20,04:40,18:54,14:14,09:47,00:00,04:40,19:20,14:40,09:21,00:26,
02-10-2026,04:41,06:01,11:56,15:19,17:50,18:08,18:53,04:31,23:56,21:54,01:57,11:49,12:12,14:12,09:49,07:06,00:00,04:41,11:47,18:00,18:00,10:39,01:20,04:41,14:00,18:00,19:20,04:41,18:53,14:12,09:49,00:00,04:41,19:20,14:39,09:22,00:27,
03-10-2026,04:42,06:02,11:56,15:18,17:49,18:06,18:51,04:32,23:55,21:53,01:57,11:47,12:13,14:09,09:51,07:04,00:00,04:42,11:46,18:00,18:00,10:36,01:18,04:42,14:00,18:00,19:18,04:42,18:51,14:09,09:51,00:00,04:42,19:18,14:36,09:24,00:27,
04-10-2026,04:42,06:02,11:55,15:17,17:48,18:05,18:50,04:32,23:55,21:53,01:58,11:46,12:15,14:08,09:53,07:04,00:00,04:42,11:46,18:00,18:00,10:36,01:18,04:42,14:00,18:00,19:18,04:42,18:50,14:08,09:53,00:00,04:42,19:18,14:36,09:25,00:28,
05-10-2026,04:43,06:03,11:55,15:16,17:46,18:04,18:49,04:33,23:55,21:52,01:58,11:43,12:18,14:06,09:55,07:03,00:00,04:43,11:46,18:00,18:00,10:34,01:17,04:43,14:00,18:00,19:17,04:43,18:49,14:06,09:55,00:00,04:43,19:17,14:34,09:27,00:28,
06-10-2026,04:44,06:04,11:55,15:15,17:45,18:03,18:48,04:34,23:54,21:51,01:58,11:41,12:19,14:04,09:56,07:02,00:00,04:44,11:46,18:00,18:00,10:33,01:17,04:44,14:00,18:00,19:17,04:44,18:48,14:04,09:56,00:00,04:44,19:17,14:33,09:27,00:29,
07-10-2026,04:44,06:04,11:54,15:14,17:44,18:01,18:46,04:34,23:54,21:51,01:58,11:40,12:21,14:02,09:59,07:01,00:00,04:44,11:45,18:00,18:00,10:31,01:15,04:44,14:00,18:00,19:15,04:44,18:46,14:02,09:59,00:00,04:44,19:15,14:31,09:30,00:29,
08-10-2026,04:45,06:05,11:54,15:14,17:43,18:00,18:45,04:35,23:54,21:50,01:58,11:38,12:23,14:00,10:01,07:00,00:00,04:45,11:45,18:00,18:00,10:30,01:15,04:45,14:00,18:00,19:15,04:45,18:45,14:00,10:01,00:00,04:45,19:15,14:30,09:31,00:30,
09-10-2026,04:46,06:06,11:54,15:13,17:41,17:59,18:44,04:36,23:54,21:50,01:58,11:35,12:25,13:58,10:02,06:59,00:00,04:46,11:45,18:00,18:00,10:28,01:14,04:46,14:00,18:00,19:14,04:46,18:44,13:58,10:02,00:00,04:46,19:14,14:28,09:32,00:30,
10-10-2026,04:46,06:06,11:54,15:12,17:40,17:58,18:43,04:36,23:53,21:49,01:58,11:34,12:27,13:57,10:04,06:58,00:00,04:46,11:44,18:00,18:00,10:27,01:13,04:46,14:00,18:00,19:13,04:46,18:43,13:57,10:04,00:00,04:46,19:13,14:27,09:34,00:30,
11-10-2026,04:47,06:07,11:53,15:11,17:39,17:56,18:42,04:37,23:53,21:48,01:58,11:32,12:29,13:55,10:06,06:57,00:00,04:47,11:44,18:00,18:00,10:26,01:13,04:47,14:00,18:00,19:13,04:47,18:42,13:55,10:06,00:00,04:47,19:13,14:26,09:35,00:31,
12-10-2026,04:48,06:08,11:53,15:10,17:38,17:55,18:40,04:38,23:53,21:48,01:58,11:30,12:31,13:52,10:09,06:56,00:00,04:48,11:44,18:00,18:00,10:24,01:12,04:48,14:00,18:00,19:12,04:48,18:40,13:52,10:09,00:00,04:48,19:12,14:24,09:37,00:32,
13-10-2026,04:49,06:09,11:53,15:09,17:37,17:54,18:39,04:39,23:53,21:47,01:58,11:28,12:32,13:50,10:10,06:55,00:00,04:49,11:44,18:00,18:00,10:22,01:11,04:49,14:00,18:00,19:11,04:49,18:39,13:50,10:10,00:00,04:49,19:11,14:22,09:38,00:32,
14-10-2026,04:49,06:09,11:53,15:08,17:35,17:53,18:38,04:39,23:52,21:47,01:58,11:26,12:35,13:49,10:12,06:54,00:00,04:49,11:43,18:00,18:00,10:21,01:10,04:49,14:00,18:00,19:10,04:49,18:38,13:49,10:12,00:00,04:49,19:10,14:21,09:40,00:32,
15-10-2026,04:50,06:10,11:52,15:08,17:34,17:52,18:37,04:40,23:52,21:46,01:58,11:24,12:37,13:47,10:14,06:53,00:00,04:50,11:43,18:00,18:00,10:20,01:10,04:50,14:00,18:00,19:10,04:50,18:37,13:47,10:14,00:00,04:50,19:10,14:20,09:41,00:33,
16-10-2026,04:51,06:11,11:52,15:07,17:33,17:51,18:36,04:41,23:52,21:46,01:58,11:22,12:39,13:45,10:15,06:52,00:00,04:51,11:43,18:00,18:00,10:18,01:09,04:51,14:00,18:00,19:09,04:51,18:36,13:45,10:15,00:00,04:51,19:09,14:18,09:42,00:33,
17-10-2026,04:51,06:12,11:52,15:06,17:32,17:49,18:35,04:41,23:52,21:45,01:58,11:20,12:40,13:44,10:17,06:52,00:00,04:51,11:43,18:00,18:00,10:18,01:09,04:51,14:00,18:00,19:09,04:51,18:35,13:44,10:17,00:00,04:51,19:09,14:18,09:43,00:34,
18-10-2026,04:52,06:12,11:52,15:05,17:31,17:48,18:34,04:42,23:52,21:45,01:58,11:19,12:42,13:42,10:19,06:51,00:00,04:52,11:43,18:00,18:00,10:16,01:08,04:52,14:00,18:00,19:08,04:52,18:34,13:42,10:19,00:00,04:52,19:08,14:16,09:45,00:34,
19-10-2026,04:53,06:13,11:52,15:04,17:30,17:47,18:32,04:43,23:51,21:44,01:59,11:17,12:44,13:39,10:21,06:49,00:00,04:53,11:42,18:00,18:00,10:14,01:07,04:53,14:00,18:00,19:07,04:53,18:32,13:39,10:21,00:00,04:53,19:07,14:14,09:46,00:35,
20-10-2026,04:53,06:14,11:51,15:03,17:28,17:46,18:31,04:43,23:51,21:44,01:59,11:14,12:47,13:38,10:23,06:49,00:00,04:53,11:42,18:00,18:00,10:13,01:06,04:53,14:00,18:00,19:06,04:53,18:31,13:38,10:23,00:00,04:53,19:06,14:13,09:48,00:35,
21-10-2026,04:54,06:15,11:51,15:03,17:27,17:45,18:30,04:44,23:51,21:43,01:59,11:12,12:48,13:36,10:25,06:48,00:00,04:54,11:42,18:00,18:00,10:12,01:06,04:54,14:00,18:00,19:06,04:54,18:30,13:36,10:25,00:00,04:54,19:06,14:12,09:49,00:36,
22-10-2026,04:55,06:15,11:51,15:02,17:26,17:44,18:29,04:45,23:51,21:43,01:59,11:11,12:50,13:34,10:26,06:47,00:00,04:55,11:42,18:00,18:00,10:10,01:05,04:55,14:00,18:00,19:05,04:55,18:29,13:34,10:26,00:00,04:55,19:05,14:10,09:50,00:36,
23-10-2026,04:55,06:16,11:51,15:01,17:25,17:43,18:28,04:45,23:51,21:42,01:59,11:09,12:52,13:33,10:28,06:46,00:00,04:55,11:41,18:00,18:00,10:09,01:04,04:55,14:00,18:00,19:04,04:55,18:28,13:33,10:28,00:00,04:55,19:04,14:09,09:52,00:36,
24-10-2026,04:56,06:17,11:51,15:00,17:24,17:42,18:27,04:46,23:51,21:42,01:59,11:07,12:54,13:31,10:30,06:45,00:00,04:56,11:41,18:00,18:00,10:08,01:04,04:56,14:00,18:00,19:04,04:56,18:27,13:31,10:30,00:00,04:56,19:04,14:08,09:53,00:37,
25-10-2026,04:57,06:18,11:51,14:59,17:23,17:41,18:26,04:47,23:50,21:41,02:00,11:05,12:55,13:29,10:32,06:44,00:00,04:57,11:41,18:00,18:00,10:06,01:03,04:57,14:00,18:00,19:03,04:57,18:26,13:29,10:32,00:00,04:57,19:03,14:06,09:55,00:37,
26-10-2026,04:58,06:18,11:51,14:59,17:22,17:40,18:26,04:48,23:50,21:41,02:00,11:04,12:57,13:28,10:32,06:44,00:00,04:58,11:42,18:00,18:00,10:06,01:04,04:58,14:00,18:00,19:04,04:58,18:26,13:28,10:32,00:00,04:58,19:04,14:06,09:54,00:38,
27-10-2026,04:58,06:19,11:50,14:58,17:21,17:39,18:25,04:48,23:50,21:41,02:00,11:02,12:59,13:27,10:34,06:43,00:00,04:58,11:41,18:00,18:00,10:05,01:03,04:58,14:00,18:00,19:03,04:58,18:25,13:27,10:34,00:00,04:58,19:03,14:05,09:56,00:38,
28-10-2026,04:59,06:20,11:50,14:57,17:20,17:38,18:24,04:49,23:50,21:40,02:00,11:00,13:01,13:25,10:36,06:42,00:00,04:59,11:41,18:00,18:00,10:03,01:02,04:59,14:00,18:00,19:02,04:59,18:24,13:25,10:36,00:00,04:59,19:02,14:03,09:58,00:38,
29-10-2026,05:00,06:21,11:50,14:56,17:19,17:37,18:23,04:50,23:50,21:40,02:00,10:58,13:03,13:23,10:37,06:41,00:00,05:00,11:41,18:00,18:00,10:02,01:02,05:00,14:00,18:00,19:02,05:00,18:23,13:23,10:37,00:00,05:00,19:02,14:02,09:58,00:39,
30-10-2026,05:00,06:22,11:50,14:56,17:18,17:36,18:22,04:50,23:50,21:39,02:01,10:56,13:05,13:22,10:39,06:41,00:00,05:00,11:41,18:00,18:00,10:01,01:01,05:00,14:00,18:00,19:01,05:00,18:22,13:22,10:39,00:00,05:00,19:01,14:01,10:00,00:39,
31-10-2026,05:01,06:23,11:50,14:55,17:17,17:35,18:21,04:51,23:50,21:39,02:01,10:54,13:06,13:20,10:41,06:40,00:00,05:01,11:41,18:00,18:00,10:00,01:01,05:01,14:00,18:00,19:01,05:01,18:21,13:20,10:41,00:00,05:01,19:01,14:00,10:01,00:40,
01-11-2026,05:02,06:23,11:50,14:54,17:16,17:34,18:20,04:52,23:50,21:39,02:01,10:53,13:08,13:18,10:43,06:39,00:00,05:02,11:41,18:00,18:00,09:58,01:00,05:02,14:00,18:00,19:00,05:02,18:20,13:18,10:43,00:00,05:02,19:00,13:58,10:03,00:40,
02-11-2026,05:03,06:24,11:50,14:54,17:16,17:34,18:20,04:53,23:50,21:38,02:01,10:52,13:09,13:17,10:43,06:38,00:00,05:03,11:41,18:00,18:00,09:57,01:00,05:03,14:00,18:00,19:00,05:03,18:20,13:17,10:43,00:00,05:03,19:00,13:57,10:03,00:40,
03-11-2026,05:03,06:25,11:50,14:53,17:15,17:33,18:19,04:53,23:50,21:38,02:02,10:50,13:11,13:16,10:45,06:38,00:00,05:03,11:41,18:00,18:00,09:57,01:00,05:03,14:00,18:00,19:00,05:03,18:19,13:16,10:45,00:00,05:03,19:00,13:57,10:04,00:41,
04-11-2026,05:04,06:26,11:50,14:52,17:14,17:32,18:18,04:54,23:50,21:38,02:02,10:48,13:13,13:14,10:47,06:37,00:00,05:04,11:41,18:00,18:00,09:55,00:59,05:04,14:00,18:00,18:59,05:04,18:18,13:14,10:47,00:00,05:04,18:59,13:55,10:06,00:41,
05-11-2026,05:05,06:27,11:50,14:52,17:13,17:31,18:17,04:55,23:50,21:38,02:02,10:46,13:15,13:12,10:49,06:36,00:00,05:05,11:41,18:00,18:00,09:54,00:59,05:05,14:00,18:00,18:59,05:05,18:17,13:12,10:49,00:00,05:05,18:59,13:54,10:07,00:42,
06-11-2026,05:06,06:28,11:50,14:51,17:12,17:30,18:17,04:56,23:50,21:37,02:03,10:44,13:17,13:11,10:49,06:35,00:00,05:06,11:41,18:00,18:00,09:53,00:59,05:06,14:00,18:00,18:59,05:06,18:17,13:11,10:49,00:00,05:06,18:59,13:53,10:07,00:42,
07-11-2026,05:06,06:29,11:50,14:50,17:12,17:30,18:16,04:56,23:50,21:37,02:03,10:43,13:17,13:10,10:51,06:35,00:00,05:06,11:41,18:00,18:00,09:52,00:58,05:06,14:00,18:00,18:58,05:06,18:16,13:10,10:51,00:00,05:06,18:58,13:52,10:09,00:42,
08-11-2026,05:07,06:29,11:50,14:50,17:11,17:29,18:15,04:57,23:50,21:37,02:03,10:42,13:19,13:08,10:53,06:34,00:00,05:07,11:41,18:00,18:00,09:51,00:58,05:07,14:00,18:00,18:58,05:07,18:15,13:08,10:53,00:00,05:07,18:58,13:51,10:10,00:43,
09-11-2026,05:08,06:30,11:50,14:49,17:10,17:28,18:15,04:58,23:50,21:37,02:04,10:40,13:21,13:07,10:54,06:33,00:00,05:08,11:41,18:00,18:00,09:50,00:58,05:08,14:00,18:00,18:58,05:08,18:15,13:07,10:54,00:00,05:08,18:58,13:50,10:11,00:43,
10-11-2026,05:09,06:31,11:50,14:49,17:09,17:28,18:14,04:59,23:50,21:37,02:04,10:38,13:23,13:05,10:55,06:32,00:00,05:09,11:41,18:00,18:00,09:48,00:57,05:09,14:00,18:00,18:57,05:09,18:14,13:05,10:55,00:00,05:09,18:57,13:48,10:12,00:43,
11-11-2026,05:09,06:32,11:51,14:48,17:09,17:27,18:14,04:59,23:50,21:36,02:04,10:37,13:24,13:05,10:56,06:32,00:00,05:09,11:41,18:00,18:00,09:48,00:57,05:09,14:00,18:00,18:57,05:09,18:14,13:05,10:56,00:00,05:09,18:57,13:48,10:13,00:43,
12-11-2026,05:10,06:33,11:51,14:48,17:08,17:26,18:13,05:00,23:50,21:36,02:05,10:35,13:26,13:03,10:58,06:31,00:00,05:10,11:41,18:00,18:00,09:47,00:57,05:10,14:00,18:00,18:57,05:10,18:13,13:03,10:58,00:00,05:10,18:57,13:47,10:14,00:44,
13-11-2026,05:11,06:34,11:51,14:47,17:07,17:26,18:13,05:01,23:51,21:36,02:05,10:33,13:28,13:02,10:59,06:31,00:00,05:11,11:42,18:00,18:00,09:46,00:57,05:11,14:00,18:00,18:57,05:11,18:13,13:02,10:59,00:00,05:11,18:57,13:46,10:15,00:44,
14-11-2026,05:12,06:35,11:51,14:47,17:07,17:25,18:12,05:02,23:51,21:36,02:05,10:32,13:29,13:00,11:00,06:30,00:00,05:12,11:42,18:00,18:00,09:45,00:57,05:12,14:00,18:00,18:57,05:12,18:12,13:00,11:00,00:00,05:12,18:57,13:45,10:15,00:45,
15-11-2026,05:12,06:36,11:51,14:46,17:06,17:25,18:12,05:02,23:51,21:36,02:06,10:30,13:30,13:00,11:01,06:30,00:00,05:12,11:42,18:00,18:00,09:45,00:57,05:12,14:00,18:00,18:57,05:12,18:12,13:00,11:01,00:00,05:12,18:57,13:45,10:16,00:45,
16-11-2026,05:13,06:36,11:51,14:46,17:06,17:24,18:11,05:03,23:51,21:36,02:06,10:30,13:31,12:58,11:03,06:29,00:00,05:13,11:42,18:00,18:00,09:43,00:56,05:13,14:00,18:00,18:56,05:13,18:11,12:58,11:03,00:00,05:13,18:56,13:43,10:18,00:45,
17-11-2026,05:14,06:37,11:51,14:46,17:05,17:24,18:11,05:04,23:51,21:36,02:07,10:28,13:33,12:57,11:04,06:28,00:00,05:14,11:42,18:00,18:00,09:42,00:56,05:14,14:00,18:00,18:56,05:14,18:11,12:57,11:04,00:00,05:14,18:56,13:42,10:19,00:45,
18-11-2026,05:15,06:38,11:52,14:45,17:05,17:23,18:10,05:05,23:52,21:36,02:07,10:27,13:34,12:55,11:05,06:27,00:00,05:15,11:42,18:00,18:00,09:41,00:56,05:15,14:00,18:00,18:56,05:15,18:10,12:55,11:05,00:00,05:15,18:56,13:41,10:19,00:46,
19-11-2026,05:15,06:39,11:52,14:45,17:04,17:23,18:10,05:05,23:52,21:36,02:08,10:25,13:36,12:55,11:06,06:27,00:00,05:15,11:42,18:00,18:00,09:41,00:56,05:15,14:00,18:00,18:56,05:15,18:10,12:55,11:06,00:00,05:15,18:56,13:41,10:20,00:46,
20-11-2026,05:16,06:40,11:52,14:45,17:04,17:23,18:10,05:06,23:52,21:36,02:08,10:24,13:37,12:54,11:07,06:27,00:00,05:16,11:43,18:00,18:00,09:40,00:56,05:16,14:00,18:00,18:56,05:16,18:10,12:54,11:07,00:00,05:16,18:56,13:40,10:21,00:46,
21-11-2026,05:17,06:41,11:52,14:44,17:04,17:22,18:10,05:07,23:52,21:36,02:08,10:23,13:38,12:53,11:08,06:26,00:00,05:17,11:43,18:00,18:00,09:39,00:56,05:17,14:00,18:00,18:56,05:17,18:10,12:53,11:08,00:00,05:17,18:56,13:39,10:22,00:46,
22-11-2026,05:18,06:42,11:53,14:44,17:03,17:22,18:09,05:08,23:52,21:36,02:09,10:21,13:40,12:51,11:09,06:25,00:00,05:18,11:43,18:00,18:00,09:38,00:56,05:18,14:00,18:00,18:56,05:18,18:09,12:51,11:09,00:00,05:18,18:56,13:38,10:22,00:47,
23-11-2026,05:18,06:43,11:53,14:44,17:03,17:22,18:09,05:08,23:53,21:36,02:09,10:20,13:41,12:51,11:10,06:25,00:00,05:18,11:43,18:00,18:00,09:38,00:56,05:18,14:00,18:00,18:56,05:18,18:09,12:51,11:10,00:00,05:18,18:56,13:38,10:23,00:47,
24-11-2026,05:19,06:44,11:53,14:44,17:02,17:21,18:09,05:09,23:53,21:36,02:10,10:18,13:42,12:50,11:11,06:25,00:00,05:19,11:44,18:00,18:00,09:37,00:56,05:19,14:00,18:00,18:56,05:19,18:09,12:50,11:11,00:00,05:19,18:56,13:37,10:24,00:47,
25-11-2026,05:20,06:44,11:53,14:43,17:02,17:21,18:09,05:10,23:53,21:36,02:10,10:18,13:43,12:49,11:12,06:24,00:00,05:20,11:44,18:00,18:00,09:36,00:56,05:20,14:00,18:00,18:56,05:20,18:09,12:49,11:12,00:00,05:20,18:56,13:36,10:25,00:47,
26-11-2026,05:21,06:45,11:54,14:43,17:02,17:21,18:08,05:11,23:54,21:36,02:11,10:17,13:44,12:47,11:13,06:23,00:00,05:21,11:44,18:00,18:00,09:35,00:56,05:21,14:00,18:00,18:56,05:21,18:08,12:47,11:13,00:00,05:21,18:56,13:35,10:25,00:48,
27-11-2026,05:21,06:46,11:54,14:43,17:02,17:21,18:08,05:11,23:54,21:37,02:11,10:16,13:45,12:47,11:14,06:23,00:00,05:21,11:44,18:00,18:00,09:35,00:56,05:21,14:00,18:00,18:56,05:21,18:08,12:47,11:14,00:00,05:21,18:56,13:35,10:26,00:48,
28-11-2026,05:22,06:47,11:54,14:43,17:02,17:21,18:08,05:12,23:54,21:37,02:12,10:15,13:46,12:46,11:15,06:23,00:00,05:22,11:45,18:00,18:00,09:34,00:56,05:22,14:00,18:00,18:56,05:22,18:08,12:46,11:15,00:00,05:22,18:56,13:34,10:27,00:48,
29-11-2026,05:23,06:48,11:55,14:43,17:01,17:20,18:08,05:13,23:55,21:37,02:12,10:13,13:48,12:45,11:16,06:22,00:00,05:23,11:45,18:00,18:00,09:33,00:56,05:23,14:00,18:00,18:56,05:23,18:08,12:45,11:16,00:00,05:23,18:56,13:33,10:28,00:48,
30-11-2026,05:24,06:49,11:55,14:43,17:01,17:20,18:08,05:14,23:55,21:37,02:13,10:12,13:49,12:44,11:16,06:22,00:00,05:24,11:46,18:00,18:00,09:33,00:57,05:24,14:00,18:00,18:57,05:24,18:08,12:44,11:16,00:00,05:24,18:57,13:33,10:27,00:49,
01-12-2026,05:24,06:50,11:56,14:43,17:01,17:20,18:08,05:14,23:55,21:37,02:13,10:11,13:49,12:44,11:17,06:22,00:00,05:24,11:46,18:00,18:00,09:33,00:57,05:24,14:00,18:00,18:57,05:24,18:08,12:44,11:17,00:00,05:24,18:57,13:33,10:28,00:49,
02-12-2026,05:25,06:50,11:56,14:43,17:01,17:20,18:08,05:15,23:56,21:38,02:14,10:11,13:50,12:43,11:18,06:21,00:00,05:25,11:46,18:00,18:00,09:32,00:57,05:25,14:00,18:00,18:57,05:25,18:08,12:43,11:18,00:00,05:25,18:57,13:32,10:29,00:49,
03-12-2026,05:26,06:51,11:56,14:43,17:01,17:20,18:08,05:16,23:56,21:38,02:15,10:10,13:51,12:42,11:19,06:21,00:00,05:26,11:47,18:00,18:00,09:31,00:57,05:26,14:00,18:00,18:57,05:26,18:08,12:42,11:19,00:00,05:26,18:57,13:31,10:30,00:49,
04-12-2026,05:27,06:52,11:57,14:43,17:01,17:20,18:08,05:17,23:57,21:38,02:15,10:09,13:52,12:41,11:19,06:20,00:00,05:27,11:47,18:00,18:00,09:30,00:57,05:27,14:00,18:00,18:57,05:27,18:08,12:41,11:19,00:00,05:27,18:57,13:30,10:30,00:49,
05-12-2026,05:27,06:53,11:57,14:43,17:01,17:20,18:08,05:17,23:57,21:38,02:16,10:08,13:53,12:41,11:20,06:20,00:00,05:27,11:47,18:00,18:00,09:30,00:57,05:27,14:00,18:00,18:57,05:27,18:08,12:41,11:20,00:00,05:27,18:57,13:30,10:31,00:49,
06-12-2026,05:28,06:54,11:58,14:43,17:01,17:20,18:09,05:18,23:57,21:39,02:16,10:07,13:53,12:41,11:20,06:20,00:00,05:28,11:48,18:00,18:00,09:30,00:58,05:28,14:00,18:00,18:58,05:28,18:09,12:41,11:20,00:00,05:28,18:58,13:30,10:31,00:49,
07-12-2026,05:29,06:54,11:58,14:43,17:01,17:20,18:09,05:19,23:58,21:39,02:17,10:07,13:54,12:40,11:20,06:20,00:00,05:29,11:49,18:00,18:00,09:30,00:59,05:29,14:00,18:00,18:59,05:29,18:09,12:40,11:20,00:00,05:29,18:59,13:30,10:30,00:50,
08-12-2026,05:29,06:55,11:58,14:43,17:01,17:21,18:09,05:19,23:58,21:39,02:17,10:06,13:55,12:40,11:21,06:20,00:00,05:29,11:49,18:00,18:00,09:30,00:59,05:29,14:00,18:00,18:59,05:29,18:09,12:40,11:21,00:00,05:29,18:59,13:30,10:31,00:50,
09-12-2026,05:30,06:56,11:59,14:43,17:02,17:21,18:09,05:20,23:59,21:40,02:18,10:06,13:55,12:39,11:22,06:19,00:00,05:30,11:49,18:00,18:00,09:29,00:59,05:30,14:00,18:00,18:59,05:30,18:09,12:39,11:22,00:00,05:30,18:59,13:29,10:32,00:50,
10-12-2026,05:31,06:57,11:59,14:44,17:02,17:21,18:09,05:21,23:59,21:40,02:18,10:05,13:55,12:38,11:22,06:19,00:00,05:31,11:50,18:00,18:00,09:28,00:59,05:31,14:00,18:00,18:59,05:31,18:09,12:38,11:22,00:00,05:31,18:59,13:28,10:32,00:50,
11-12-2026,05:31,06:57,12:00,14:44,17:02,17:21,18:10,05:21,00:00,21:40,02:19,10:05,13:56,12:39,11:22,06:19,00:00,05:31,11:50,18:00,18:00,09:29,01:00,05:31,14:00,18:00,19:00,05:31,18:10,12:39,11:22,00:00,05:31,19:00,13:29,10:32,00:50,
12-12-2026,05:32,06:58,12:00,14:44,17:02,17:21,18:10,05:22,00:00,21:41,02:19,10:04,13:57,12:38,11:23,06:19,00:00,05:32,11:51,18:00,18:00,09:28,01:00,05:32,14:00,18:00,19:00,05:32,18:10,12:38,11:23,00:00,05:32,19:00,13:28,10:33,00:50,
13-12-2026,05:33,06:59,12:01,14:44,17:02,17:22,18:10,05:23,00:01,21:41,02:20,10:03,13:58,12:37,11:23,06:18,00:00,05:33,11:51,18:00,18:00,09:27,01:00,05:33,14:00,18:00,19:00,05:33,18:10,12:37,11:23,00:00,05:33,19:00,13:27,10:33,00:50,
14-12-2026,05:33,07:00,12:01,14:45,17:03,17:22,18:10,05:23,00:01,21:42,02:21,10:03,13:57,12:37,11:24,06:18,00:00,05:33,11:51,18:00,18:00,09:27,01:00,05:33,14:00,18:00,19:00,05:33,18:10,12:37,11:24,00:00,05:33,19:00,13:27,10:34,00:50,
15-12-2026,05:34,07:00,12:02,14:45,17:03,17:22,18:11,05:24,00:02,21:42,02:21,10:03,13:58,12:37,11:24,06:18,00:00,05:34,11:52,18:00,18:00,09:27,01:01,05:34,14:00,18:00,19:01,05:34,18:11,12:37,11:24,00:00,05:34,19:01,13:27,10:34,00:50,
16-12-2026,05:35,07:01,12:02,14:45,17:03,17:23,18:11,05:25,00:02,21:42,02:22,10:02,13:58,12:36,11:24,06:18,00:00,05:35,11:53,18:00,18:00,09:27,01:02,05:35,14:00,18:00,19:02,05:35,18:11,12:36,11:24,00:00,05:35,19:02,13:27,10:33,00:51,
17-12-2026,05:35,07:01,12:03,14:46,17:04,17:23,18:12,05:25,00:03,21:43,02:22,10:03,13:58,12:37,11:24,06:18,00:00,05:35,11:53,18:00,18:00,09:27,01:02,05:35,14:00,18:00,19:02,05:35,18:12,12:37,11:24,00:00,05:35,19:02,13:27,10:34,00:50,
18-12-2026,05:36,07:02,12:03,14:46,17:04,17:23,18:12,05:26,00:03,21:43,02:23,10:02,13:59,12:36,11:24,06:18,00:00,05:36,11:54,18:00,18:00,09:27,01:03,05:36,14:00,18:00,19:03,05:36,18:12,12:36,11:24,00:00,05:36,19:03,13:27,10:33,00:51,
19-12-2026,05:36,07:03,12:04,14:46,17:05,17:24,18:12,05:26,00:04,21:44,02:23,10:02,13:58,12:36,11:25,06:18,00:00,05:36,11:54,18:00,18:00,09:27,01:03,05:36,14:00,18:00,19:03,05:36,18:12,12:36,11:25,00:00,05:36,19:03,13:27,10:34,00:51,
20-12-2026,05:37,07:03,12:04,14:47,17:05,17:24,18:13,05:27,00:04,21:44,02:24,10:02,13:59,12:36,11:24,06:18,00:00,05:37,11:55,18:00,18:00,09:27,01:04,05:37,14:00,18:00,19:04,05:37,18:13,12:36,11:24,00:00,05:37,19:04,13:27,10:33,00:51,
21-12-2026,05:37,07:04,12:05,14:47,17:05,17:25,18:13,05:27,00:05,21:45,02:24,10:01,13:59,12:36,11:25,06:18,00:00,05:37,11:55,18:00,18:00,09:27,01:04,05:37,14:00,18:00,19:04,05:37,18:13,12:36,11:25,00:00,05:37,19:04,13:27,10:34,00:51,
22-12-2026,05:38,07:04,12:05,14:48,17:06,17:25,18:14,05:28,00:05,21:45,02:25,10:02,13:59,12:36,11:24,06:18,00:00,05:38,11:56,18:00,18:00,09:27,01:05,05:38,14:00,18:00,19:05,05:38,18:14,12:36,11:24,00:00,05:38,19:05,13:27,10:33,00:51,
23-12-2026,05:38,07:05,12:06,14:48,17:06,17:26,18:14,05:28,00:06,21:46,02:25,10:01,13:59,12:36,11:25,06:18,00:00,05:38,11:56,18:00,18:00,09:27,01:05,05:38,14:00,18:00,19:05,05:38,18:14,12:36,11:25,00:00,05:38,19:05,13:27,10:34,00:51,
24-12-2026,05:39,07:05,12:06,14:49,17:07,17:26,18:15,05:29,00:06,21:46,02:26,10:02,13:59,12:36,11:24,06:18,00:00,05:39,11:57,18:00,18:00,09:27,01:06,05:39,14:00,18:00,19:06,05:39,18:15,12:36,11:24,00:00,05:39,19:06,13:27,10:33,00:51,
25-12-2026,05:39,07:06,12:07,14:49,17:08,17:27,18:15,05:29,00:07,21:47,02:26,10:02,13:58,12:36,11:25,06:18,00:00,05:39,11:57,18:00,18:00,09:27,01:06,05:39,14:00,18:00,19:06,05:39,18:15,12:36,11:25,00:00,05:39,19:06,13:27,10:34,00:51,
26-12-2026,05:40,07:06,12:07,14:50,17:08,17:28,18:16,05:30,00:07,21:47,02:27,10:02,13:58,12:36,11:24,06:18,00:00,05:40,11:58,18:00,18:00,09:27,01:07,05:40,14:00,18:00,19:07,05:40,18:16,12:36,11:24,00:00,05:40,19:07,13:27,10:33,00:51,
27-12-2026,05:40,07:06,12:08,14:50,17:09,17:28,18:17,05:30,00:08,21:48,02:27,10:03,13:58,12:37,11:23,06:18,00:00,05:40,11:58,18:00,18:00,09:27,01:07,05:40,14:00,18:00,19:07,05:40,18:17,12:37,11:23,00:00,05:40,19:07,13:27,10:33,00:50,
28-12-2026,05:40,07:07,12:08,14:51,17:09,17:29,18:17,05:30,00:08,21:49,02:28,10:02,13:58,12:37,11:24,06:18,00:00,05:40,11:58,18:00,18:00,09:27,01:07,05:40,14:00,18:00,19:07,05:40,18:17,12:37,11:24,00:00,05:40,19:07,13:27,10:34,00:50,
29-12-2026,05:41,07:07,12:09,14:52,17:10,17:29,18:18,05:31,00:09,21:49,02:28,10:03,13:57,12:37,11:23,06:18,00:00,05:41,11:59,18:00,18:00,09:27,01:08,05:41,14:00,18:00,19:08,05:41,18:18,12:37,11:23,00:00,05:41,19:08,13:27,10:33,00:50,
30-12-2026,05:41,07:07,12:09,14:52,17:11,17:30,18:19,05:31,00:09,21:50,02:28,10:04,13:57,12:38,11:22,06:19,00:00,05:41,12:00,18:00,18:00,09:28,01:09,05:41,14:00,18:00,19:09,05:41,18:19,12:38,11:22,00:00,05:41,19:09,13:28,10:32,00:50,
31-12-2026,05:41,07:08,12:09,14:53,17:12,17:31,18:19,05:31,00:10,21:50,02:29,10:04,,12:38,,06:19,00:00,05:41,12:00,18:00,18:00,09:28,01:09,05:41,14:00,18:00,19:09,05:41,18:19,12:38,,,05:41,19:09,13:28,,,
